"","playerID","R","H","club.3000","X2B","X3B","HR","RBI","SB","BB","SO","HBP","SH","yrs.played","last.year","BA","PA","TB","SlugPct","OBP","OPS","BABIP","best.7.OPS_Plus","best.7.BA","best.7.SLG","best.7.OBP","best.7.OPS","Prime_years","PO_G","A_G","E_G","DP_G","POS","nameFirst","nameLast","HOF.Player","Prime.Era","pred.prob","HOF.Score"
"5","abreujo02",526,1114,"no",233,14,198,671,10,263,835,83,0,7,2020,0.294,4168,1969,0.52,0.35,0.87,0.328,135,0.293,0.513,0.349,0.862,2017,8.2240099009901,0.57549504950495,0.0693069306930693,0.883663366336634,"1B","Jose","Abreu","FALSE","Post-Steroid Era",3.4622926273432e-05,0
"8","adamsma01",294,618,"no",129,6,118,397,4,161,634,12,0,9,2020,0.259,2574,1113,0.467,0.307,0.774,0.303,113,0.266,0.471,0.312,0.783,2016,7.44383057090239,0.640883977900553,0.0626151012891344,0.716390423572744,"1B","Matt","Adams","FALSE","Post-Steroid Era",2.94480201942291e-07,0
"12","ahmedni01",277,528,"no",112,20,60,260,29,167,456,12,11,7,2020,0.239,2426,860,0.389,0.293,0.682,0.272,86,0.239,0.398,0.294,0.692,2018,1.23885350318471,2.78025477707006,0.0907643312101911,0.611464968152866,"SS","Nick","Ahmed","FALSE","Post-Steroid Era",1.43617175351972e-05,0
"27","alonsyo01",391,872,"no",181,2,100,426,22,366,648,16,1,10,2019,0.259,3773,1357,0.404,0.332,0.736,0.292,105,0.263,0.407,0.336,0.743,2015,7.7744630071599,0.522673031026253,0.0525059665871122,0.677804295942721,"1B","Yonder","Alonso","FALSE","Post-Steroid Era",7.47382879012766e-07,0
"33","altuvjo01",766,1610,"no",308,28,133,556,256,377,662,50,25,10,2020,0.311,5668,2373,0.458,0.361,0.819,0.334,135,0.322,0.483,0.375,0.858,2016,1.4601593625498,2.50697211155379,0.0607569721115538,0.537848605577689,"2B","Jose","Altuve","FALSE","Post-Steroid Era",0.00429593942884092,0.4
"34","alvarpe01",365,704,"no",131,6,162,472,15,314,952,11,1,9,2018,0.236,3321,1333,0.447,0.31,0.757,0.288,109,0.238,0.454,0.312,0.766,2013,0.583038869257951,2.12720848056537,0.201413427561837,0.18904593639576,"3B","Pedro","Alvarez","FALSE","Post-Steroid Era",3.8199136678233e-06,0
"45","andruel01",893,1743,"no",303,48,76,636,305,516,962,44,100,12,2020,0.274,7078,2370,0.372,0.33,0.702,0.31,99,0.283,0.389,0.338,0.727,2014,1.56580211335255,2.76176753121998,0.11911623439001,0.653218059558117,"SS","Elvis","Andrus","FALSE","Post-Steroid Era",0.00224045927365329,0.2
"48","aokino01",377,774,"no",135,22,33,219,98,234,258,48,30,6,2017,0.285,3043,1052,0.387,0.35,0.737,0.304,106,0.286,0.39,0.352,0.742,2014,1.68555240793201,0.0538243626062323,0.0141643059490085,0.0084985835694051,"OF","Nori","Aoki","FALSE","Post-Steroid Era",2.64317165454913e-06,0
"52","arenano01",649,1206,"no",262,27,235,760,16,362,684,22,5,8,2020,0.293,4557,2227,0.541,0.349,0.89,0.299,146,0.298,0.568,0.359,0.927,2017,0.675186368477103,2.25772097976571,0.0851970181043663,0.273695420660277,"3B","Nolan","Arenado","FALSE","Post-Steroid Era",0.00247710942722629,0.2
"64","avilaal01",347,697,"no",146,8,104,388,8,509,1031,17,10,12,2020,0.235,3527,1171,0.394,0.348,0.742,0.32,114,0.251,0.415,0.357,0.772,2015,7.46319018404908,0.450920245398773,0.044478527607362,0.0690184049079755,"C","Alex","Avila","FALSE","Post-Steroid Era",0.00298859287803199,0.3
"66","avilemi01",380,786,"no",139,13,60,306,78,141,424,16,38,10,2017,0.261,3234,1131,0.376,0.295,0.671,0.284,91,0.271,0.399,0.304,0.703,2012,1.41818181818182,2.61212121212121,0.106060606060606,0.621212121212121,"SS","Mike","Aviles","FALSE","Post-Steroid Era",4.55955702479855e-05,0
"67","aybarer01",643,1402,"no",256,46,58,473,155,285,670,52,75,12,2017,0.271,5626,1924,0.372,0.313,0.685,0.3,97,0.283,0.39,0.321,0.711,2012,1.56979166666667,2.56770833333333,0.103125,0.601041666666667,"SS","Erick","Aybar","FALSE","Post-Steroid Era",0.000394465906170574,0
"71","baezja01",371,671,"no",142,17,118,378,63,128,769,22,8,7,2020,0.264,2708,1201,0.473,0.304,0.777,0.333,108,0.274,0.499,0.313,0.812,2017,1.30687830687831,2.63227513227513,0.12962962962963,0.595238095238095,"SS","Javier","Baez","FALSE","Post-Steroid Era",5.33501203794233e-05,0
"92","barneda01",297,625,"no",117,15,31,201,29,155,349,24,25,8,2017,0.246,2756,865,0.341,0.294,0.635,0.273,76,0.246,0.341,0.292,0.633,2014,1.67415730337079,2.4975922953451,0.0449438202247191,0.540930979133226,"2B","Darwin","Barney","FALSE","Post-Steroid Era",2.59150693794659e-06,0
"116","bautijo02",1022,1496,"no",312,17,344,975,70,1032,1394,80,23,15,2018,0.247,7244,2874,0.475,0.361,0.836,0.264,157,0.266,0.545,0.389,0.934,2013,1.83766233766234,0.0844155844155844,0.0324675324675325,0.0272727272727273,"OF","Jose","Bautista","FALSE","Post-Steroid Era",0.0010732776605724,0.1
"124","beckhgo01",420,807,"no",187,7,80,351,35,266,670,54,29,11,2019,0.237,3782,1248,0.367,0.3,0.667,0.271,87,0.242,0.372,0.304,0.676,2012,1.86676427525622,2.81259150805271,0.0746705710102489,0.666178623718887,"2B","Gordon","Beckham","FALSE","Post-Steroid Era",1.70481838671027e-05,0
"139","beltbr01",538,1003,"no",244,33,138,502,43,532,1021,33,1,10,2020,0.263,4400,1727,0.453,0.356,0.809,0.323,130,0.275,0.471,0.368,0.839,2015,7.7556142668428,0.624834874504623,0.0462351387054161,0.706737120211361,"1B","Brandon","Belt","FALSE","Post-Steroid Era",6.81125257252826e-06,0
"140","beltrad01",1524,3166,"yes",636,38,477,1707,121,848,1732,97,14,21,2018,0.286,12130,5309,0.48,0.339,0.819,0.3,150,0.319,0.55,0.369,0.919,2012,0.817168338907469,1.78037904124861,0.0880713489409142,0.192865105908584,"3B","Adrian","Beltre","FALSE","Post-Steroid Era",0.954579172008445,95.5
"141","beltrca01",1582,2725,"no",565,78,435,1587,312,1084,1795,51,18,20,2017,0.279,11031,4751,0.486,0.35,0.836,0.299,141,0.286,0.528,0.378,0.906,2008,2.37904967602592,0.0712742980561555,0.0248380129589633,0.0183585313174946,"OF","Carlos","Beltran","FALSE","Post-Steroid Era",0.306322195155364,30.6
"165","bettsmo01",660,1029,"no",238,27,155,509,136,395,502,21,4,7,2020,0.301,3875,1786,0.522,0.373,0.895,0.312,142,0.301,0.52,0.372,0.892,2017,2.27539779681763,0.0624235006119951,0.0232558139534884,0.011015911872705,"OF","Mookie","Betts","FALSE","Post-Steroid Era",0.000131516462690468,0
"174","blackch02",744,1311,"no",239,48,178,553,131,317,801,74,22,10,2020,0.304,4754,2180,0.505,0.36,0.865,0.337,139,0.306,0.518,0.363,0.881,2016,2.02006335797254,0.0327349524815206,0.027455121436114,0.00950369588173178,"OF","Charlie","Blackmon","FALSE","Post-Steroid Era",0.000205080636471006,0
"179","blancgr01",394,746,"no",118,39,26,235,122,363,661,15,26,10,2018,0.255,3348,1020,0.348,0.338,0.686,0.319,96,0.261,0.352,0.347,0.699,2013,1.66232073011734,0.0352020860495437,0.015645371577575,0.00391134289439374,"OF","Gregor","Blanco","FALSE","Post-Steroid Era",1.23418947092676e-06,0
"193","bogaexa01",578,1083,"no",236,14,118,531,61,342,756,31,5,8,2020,0.289,4155,1701,0.454,0.351,0.805,0.332,120,0.29,0.456,0.351,0.807,2017,1.28333333333333,2.43222222222222,0.0866666666666667,0.508888888888889,"SS","Xander","Bogaerts","FALSE","Post-Steroid Era",0.000745312403507932,0.1
"200","bonifem01",356,669,"no",95,33,13,165,166,215,605,7,43,12,2020,0.256,2897,869,0.333,0.312,0.645,0.326,84,0.267,0.346,0.323,0.669,2011,1.8450184501845,0.03690036900369,0.018450184501845,0.003690036900369,"OF","Emilio","Bonifacio","FALSE","Post-Steroid Era",5.64286662926897e-07,0
"215","bourjpe01",284,502,"no",91,37,43,170,68,134,562,36,37,10,2019,0.237,2334,796,0.376,0.293,0.669,0.302,89,0.253,0.397,0.31,0.707,2014,1.83670520231214,0.0245664739884393,0.0144508670520231,0.00289017341040462,"OF","Peter","Bourjos","FALSE","Post-Steroid Era",2.77668418757451e-07,0
"216","bournmi01",678,1272,"no",191,69,36,361,341,445,1124,19,52,11,2016,0.266,5323,1709,0.357,0.329,0.686,0.339,97,0.276,0.373,0.339,0.712,2012,2.32627118644068,0.0476694915254237,0.024364406779661,0.00741525423728814,"OF","Michael","Bourn","FALSE","Post-Steroid Era",1.08475205291303e-05,0
"224","bradlja02",435,692,"no",162,23,98,376,60,304,828,54,5,8,2020,0.239,3281,1194,0.412,0.321,0.733,0.298,100,0.241,0.414,0.323,0.737,2017,2.26658624849216,0.0699638118214717,0.02291917973462,0.0241254523522316,"OF","Jackie","Bradley","FALSE","Post-Steroid Era",1.86597984478611e-06,0
"232","brantmi02",655,1425,"no",303,21,114,640,123,419,573,31,12,12,2020,0.297,5306,2112,0.44,0.354,0.794,0.315,130,0.309,0.472,0.369,0.841,2016,1.78886010362694,0.0569948186528497,0.0116580310880829,0.0129533678756477,"OF","Michael","Brantley","FALSE","Post-Steroid Era",0.000119334530981932,0
"234","braunry02",1080,1963,"no",408,49,352,1154,216,586,1363,77,0,14,2020,0.296,7329,3525,0.532,0.358,0.89,0.325,154,0.317,0.563,0.38,0.943,2011,1.81509433962264,0.0566037735849057,0.0213836477987421,0.0125786163522013,"OF","Ryan","Braun","FALSE","Post-Steroid Era",0.027198637249977,2.7
"266","bruceja01",836,1451,"no",311,32,318,948,65,595,1559,28,3,13,2020,0.245,6602,2780,0.469,0.314,0.783,0.276,122,0.257,0.494,0.33,0.824,2013,2.02439024390244,0.0650406504065041,0.0284552845528455,0.0111788617886179,"OF","Jay","Bruce","FALSE","Post-Steroid Era",0.000159680893314357,0
"299","butlebi03",592,1479,"no",322,5,147,728,5,500,840,34,0,10,2016,0.29,5686,2252,0.441,0.354,0.795,0.32,127,0.301,0.47,0.37,0.84,2011,7.54022988505747,0.655172413793103,0.0689655172413793,0.781609195402299,"1B","Billy","Butler","FALSE","Post-Steroid Era",3.22950737621925e-05,0
"301","byrdma01",740,1534,"no",311,39,159,710,56,382,1234,93,17,15,2016,0.275,6123,2400,0.43,0.329,0.759,0.324,118,0.288,0.458,0.341,0.799,2009,2.19851380042463,0.0520169851380042,0.0329087048832272,0.0169851380042463,"OF","Marlon","Byrd","FALSE","Post-Steroid Era",9.97661667234944e-05,0
"306","cabreas01",852,1692,"no",380,28,188,827,90,553,1250,65,51,14,2020,0.268,7049,2692,0.426,0.33,0.756,0.304,113,0.276,0.448,0.338,0.786,2015,1.38127090301003,2.66555183946488,0.103678929765886,0.632107023411371,"SS","Asdrubal","Cabrera","FALSE","Post-Steroid Era",0.00465491073572887,0.5
"307","cabreme01",895,1962,"no",383,45,144,854,101,510,891,27,48,15,2019,0.285,7527,2867,0.417,0.334,0.751,0.308,118,0.299,0.45,0.345,0.795,2014,1.78711790393013,0.0698689956331878,0.0185589519650655,0.0163755458515284,"OF","Melky","Cabrera","FALSE","Post-Steroid Era",0.000218671145231421,0
"308","cabremi01",1457,2866,"no",581,17,487,1729,39,1159,1812,64,5,18,2020,0.313,10467,4942,0.54,0.391,0.931,0.343,176,0.335,0.594,0.422,1.016,2012,8.22661870503597,0.665467625899281,0.0665467625899281,0.847122302158273,"1B","Miguel","Cabrera","FALSE","Post-Steroid Era",0.76906406391935,76.9
"310","cainlo01",569,1128,"no",207,24,78,409,175,328,770,45,0,11,2020,0.288,4315,1617,0.413,0.348,0.761,0.339,117,0.3,0.434,0.361,0.795,2015,2.58893280632411,0.0527009222661397,0.0447957839262187,0.0144927536231884,"OF","Lorenzo","Cain","FALSE","Post-Steroid Era",3.21582545022977e-05,0
"313","calhoko01",565,927,"no",176,17,156,491,30,395,912,36,4,9,2020,0.248,4206,1605,0.429,0.323,0.752,0.285,110,0.254,0.431,0.328,0.759,2016,2.03809523809524,0.0607142857142857,0.0321428571428571,0.0119047619047619,"OF","Kole","Calhoun","FALSE","Post-Steroid Era",5.54446481109373e-06,0
"325","canoro01",1257,2624,"no",571,33,334,1302,51,616,1189,85,10,16,2020,0.303,9446,4263,0.492,0.352,0.844,0.318,145,0.31,0.522,0.371,0.893,2014,1.87227414330218,2.73001038421599,0.039460020768432,0.652128764278297,"2B","Robinson","Cano","FALSE","Post-Steroid Era",0.735798998992144,73.6
"336","carpema01",734,1118,"no",290,27,152,555,25,664,995,59,11,10,2020,0.266,4975,1918,0.457,0.371,0.828,0.312,134,0.275,0.47,0.377,0.847,2015,0.516252390057361,1.66921606118547,0.103250478011472,0.170172084130019,"3B","Matt","Carpenter","FALSE","Post-Steroid Era",9.3974016532421e-05,0
"343","cartech02",334,536,"no",107,5,158,400,12,327,951,26,0,8,2017,0.217,2852,1127,0.456,0.312,0.768,0.272,115,0.22,0.472,0.316,0.788,2014,7.99561403508772,0.449561403508772,0.0745614035087719,0.712719298245614,"1B","Chris","Carter","FALSE","Post-Steroid Era",3.68683395686776e-07,0
"357","casteni01",445,979,"no",240,34,134,494,11,253,909,27,0,8,2020,0.274,3888,1689,0.472,0.324,0.796,0.329,115,0.275,0.472,0.324,0.796,2017,0.588235294117647,1.60721062618596,0.10246679316888,0.155597722960152,"3B","Nick","Castellanos","FALSE","Post-Steroid Era",1.40123658994357e-05,0
"361","castiwe01",251,626,"no",126,1,98,339,5,183,691,35,3,10,2019,0.254,2701,1048,0.426,0.313,0.739,0.312,105,0.259,0.423,0.318,0.741,2015,7.12331081081081,0.630067567567568,0.0709459459459459,0.0591216216216216,"C","Welington","Castillo","FALSE","Post-Steroid Era",0.000806849587595988,0.1
"362","castrja01",340,634,"no",157,9,88,301,5,314,876,23,6,10,2020,0.23,3114,1073,0.39,0.312,0.702,0.302,98,0.238,0.401,0.315,0.716,2015,7.1027496382055,0.458755426917511,0.0347322720694645,0.0520984081041968,"C","Jason","Castro","FALSE","Post-Steroid Era",0.000479120072444579,0
"364","castrst01",673,1633,"no",299,40,135,640,89,312,1046,38,7,11,2020,0.28,6233,2417,0.414,0.319,0.733,0.319,108,0.29,0.428,0.33,0.758,2014,1.50259067357513,2.8272884283247,0.169257340241796,0.568221070811744,"SS","Starlin","Castro","FALSE","Post-Steroid Era",0.00149393029395895,0.1
"375","cervefr01",281,605,"no",102,16,41,275,17,270,505,55,20,13,2020,0.268,2618,862,0.382,0.358,0.74,0.327,105,0.272,0.383,0.365,0.748,2016,7.33098591549296,0.607394366197183,0.0686619718309859,0.0580985915492958,"C","Francisco","Cervelli","FALSE","Post-Steroid Era",0.00145608945758435,0.1
"376","cespeyo01",475,870,"no",173,24,165,528,43,240,742,31,0,8,2020,0.273,3490,1586,0.497,0.327,0.824,0.305,126,0.274,0.498,0.327,0.825,2015,2.00832177531207,0.0929264909847434,0.042995839112344,0.00416088765603329,"OF","Yoenis","Cespedes","FALSE","Post-Steroid Era",1.17321435883565e-05,0
"391","chiriro01",252,423,"no",100,4,86,269,4,203,561,60,13,9,2020,0.231,2125,789,0.431,0.325,0.756,0.28,111,0.237,0.447,0.335,0.782,2016,7.01136363636364,0.388257575757576,0.0492424242424242,0.0416666666666667,"C","Robinson","Chirinos","FALSE","Post-Steroid Era",0.000470146008425419,0
"392","chiselo01",261,578,"no",132,10,64,296,20,150,437,21,15,8,2018,0.268,2359,922,0.427,0.32,0.747,0.307,105,0.269,0.431,0.322,0.753,2014,0.604105571847507,1.71554252199413,0.140762463343109,0.158357771260997,"3B","Lonnie","Chisenhall","FALSE","Post-Steroid Era",1.63907783764106e-06,0
"393","choosh01",961,1671,"no",339,29,218,782,157,868,1579,152,10,16,2020,0.275,7157,2722,0.447,0.377,0.824,0.336,137,0.286,0.469,0.392,0.861,2012,2.03432494279176,0.0594965675057208,0.0320366132723112,0.0091533180778032,"OF","Shin-Soo","Choo","FALSE","Post-Steroid Era",0.000757605538410225,0.1
"419","coghlch01",353,666,"no",149,26,53,234,47,275,535,24,13,9,2017,0.258,2905,1026,0.398,0.334,0.732,0.306,107,0.272,0.419,0.348,0.767,2013,1.74358974358974,0.0564102564102564,0.0170940170940171,0.00683760683760684,"OF","Chris","Coghlan","FALSE","Post-Steroid Era",1.67955270775002e-06,0
"438","confomi01",348,556,"no",121,4,118,341,17,302,606,38,0,6,2020,0.259,2501,1039,0.484,0.358,0.842,0.305,127,0.257,0.487,0.359,0.846,2018,1.85837651122625,0.0587219343696028,0.0207253886010363,0.00863557858376511,"OF","Michael","Conforto","FALSE","Post-Steroid Era",5.05488595524036e-06,0
"456","correca01",334,626,"no",128,7,107,397,33,272,544,15,0,6,2020,0.276,2583,1089,0.48,0.353,0.833,0.316,125,0.276,0.476,0.356,0.832,2018,1.18302828618968,2.59400998336106,0.0748752079866889,0.492512479201331,"SS","Carlos","Correa","FALSE","Post-Steroid Era",0.000296153341221372,0
"466","cozarza01",408,764,"no",158,24,87,305,21,219,549,28,23,9,2019,0.247,3388,1231,0.399,0.3,0.699,0.273,95,0.25,0.404,0.303,0.707,2015,1.46758620689655,2.6,0.0868965517241379,0.546206896551724,"SS","Zack","Cozart","FALSE","Post-Steroid Era",4.7932606288748e-05,0
"471","crawfbr01",509,1099,"no",234,38,106,564,32,413,984,41,6,10,2020,0.25,4911,1727,0.392,0.317,0.709,0.295,102,0.257,0.409,0.323,0.732,2016,1.34913793103448,2.78987068965517,0.102370689655172,0.595905172413793,"SS","Brandon","Crawford","FALSE","Post-Steroid Era",0.000218051269285513,0
"472","crawfca02",998,1931,"no",309,123,136,766,480,377,1067,47,34,15,2016,0.29,7161,2894,0.435,0.33,0.765,0.326,117,0.305,0.465,0.349,0.814,2009,1.99469777306469,0.0349946977730647,0.0233297985153765,0.0031813361611877,"OF","Carl","Crawford","FALSE","Post-Steroid Era",0.000774532606238104,0.1
"479","crispco01",877,1572,"no",308,57,130,639,309,561,865,5,80,15,2016,0.265,6627,2384,0.402,0.327,0.729,0.289,109,0.276,0.429,0.338,0.767,2009,2.2544080604534,0.0251889168765743,0.0239294710327456,0.00629722921914358,"OF","Coco","Crisp","FALSE","Post-Steroid Era",7.45454470275537e-05,0
"482","croncj01",283,609,"no",123,6,118,373,9,148,582,48,0,7,2020,0.257,2581,1098,0.464,0.312,0.776,0.291,109,0.258,0.462,0.313,0.775,2016,7.49892933618844,0.513918629550321,0.0578158458244111,0.706638115631692,"1B","C. J.","Cron","FALSE","Post-Steroid Era",2.37075637529824e-07,0
"495","cruzne02",952,1777,"no",330,13,417,1152,76,632,1625,73,2,16,2020,0.278,7151,3384,0.529,0.347,0.876,0.309,152,0.291,0.562,0.364,0.926,2016,2.02631578947368,0.0427631578947368,0.0328947368421053,0.00986842105263158,"OF","Nelson","Cruz","FALSE","Post-Steroid Era",0.00845950044704127,0.8
"517","darnatr01",221,468,"no",89,5,72,265,2,158,383,15,3,8,2020,0.253,2044,783,0.423,0.314,0.737,0.28,103,0.252,0.426,0.311,0.737,2017,8.22637362637363,0.38021978021978,0.0505494505494506,0.0571428571428571,"C","Travis","d'Arnaud","FALSE","Post-Steroid Era",0.00091893251528855,0.1
"525","davisch02",707,1160,"no",228,5,295,780,19,555,1852,58,1,13,2020,0.233,5630,2283,0.459,0.315,0.774,0.301,133,0.251,0.519,0.34,0.859,2013,8.24808575803982,0.479326186830015,0.0428790199081164,0.886676875957121,"1B","Chris","Davis","FALSE","Post-Steroid Era",3.87223121557927e-05,0
"531","daviskh01",495,799,"no",159,8,218,580,18,318,986,48,0,8,2020,0.243,3690,1628,0.495,0.316,0.811,0.274,120,0.242,0.496,0.315,0.811,2016,1.722,0.02,0.03,0.012,"OF","Khris","Davis","FALSE","Post-Steroid Era",5.77094433162054e-06,0
"533","davisra01",637,1111,"no",226,43,62,387,415,267,844,46,22,14,2019,0.262,4607,1609,0.379,0.311,0.69,0.312,99,0.276,0.396,0.324,0.72,2011,1.97389033942559,0.0469973890339426,0.0326370757180157,0.00783289817232376,"OF","Rajai","Davis","FALSE","Post-Steroid Era",6.55103934371504e-06,0
"540","deazaal01",367,669,"no",131,33,51,258,91,225,622,33,27,10,2017,0.26,2878,1019,0.396,0.325,0.721,0.322,102,0.264,0.399,0.329,0.728,2013,2.09171597633136,0.0355029585798817,0.029585798816568,0.00591715976331361,"OF","Alejandro","De Aza","FALSE","Post-Steroid Era",1.45314622621624e-06,0
"565","descada01",326,593,"no",126,25,48,294,26,303,600,21,26,10,2019,0.235,2891,913,0.362,0.32,0.682,0.288,95,0.241,0.375,0.326,0.701,2014,1.35789473684211,2.31929824561404,0.0771929824561404,0.554385964912281,"2B","Daniel","Descalso","FALSE","Post-Steroid Era",2.96662605900536e-06,0
"567","desmoia01",724,1432,"no",277,37,181,711,181,387,1402,43,33,11,2019,0.263,5944,2326,0.427,0.315,0.742,0.321,110,0.268,0.447,0.32,0.767,2015,1.40033783783784,2.61993243243243,0.157094594594595,0.557432432432432,"SS","Ian","Desmond","FALSE","Post-Steroid Era",0.00076501244595113,0.1
"574","dickeco01",400,826,"no",195,30,122,387,24,183,655,10,1,8,2020,0.284,3121,1447,0.497,0.327,0.824,0.327,125,0.284,0.498,0.326,0.824,2016,1.81085814360771,0.0280210157618214,0.0175131348511384,0.0122591943957968,"OF","Corey","Dickerson","FALSE","Post-Steroid Era",6.15744982673935e-06,0
"575","dietrde01",318,536,"no",107,21,84,255,7,181,576,123,2,8,2020,0.245,2512,937,0.428,0.335,0.763,0.292,108,0.251,0.426,0.335,0.761,2016,1.424,2.344,0.068,0.484,"2B","Derek","Dietrich","FALSE","Post-Steroid Era",6.52486208375588e-06,0
"588","donaljo02",666,1066,"no",228,12,225,656,38,575,909,46,5,10,2020,0.272,4578,1993,0.508,0.369,0.877,0.298,145,0.279,0.521,0.377,0.898,2016,0.798185941043084,1.89002267573696,0.115646258503401,0.206349206349206,"3B","Josh","Donaldson","FALSE","Post-Steroid Era",0.000560314945255693,0.1
"606","doziebr01",664,1055,"no",231,21,192,561,105,488,973,47,12,9,2020,0.244,4899,1904,0.441,0.325,0.766,0.271,113,0.246,0.452,0.33,0.782,2016,1.68828654404647,2.71636011616651,0.0571151984511133,0.664085188770571,"2B","Brian","Dozier","FALSE","Post-Steroid Era",0.000260247173231154,0
"608","drewst01",565,1109,"no",258,63,123,524,41,435,926,13,22,12,2017,0.252,4917,1862,0.423,0.318,0.741,0.29,114,0.272,0.456,0.333,0.789,2010,1.34419263456091,2.61189801699717,0.0779036827195467,0.580736543909348,"SS","Stephen","Drew","FALSE","Post-Steroid Era",0.000569169543689696,0.1
"611","dudalu01",387,741,"no",171,4,156,470,6,394,879,61,1,10,2019,0.239,3581,1388,0.448,0.334,0.782,0.28,120,0.243,0.461,0.34,0.801,2014,7.70817120622568,0.542801556420233,0.0389105058365759,0.690661478599222,"1B","Lucas","Duda","FALSE","Post-Steroid Era",1.59331780198624e-06,0
"629","dysonja01",370,584,"no",76,36,21,175,256,232,445,21,39,11,2020,0.246,2684,795,0.334,0.316,0.65,0.292,85,0.255,0.344,0.324,0.668,2015,2.12257100149477,0.0822122571001495,0.0358744394618834,0.0254110612855007,"OF","Jarrod","Dyson","FALSE","Post-Steroid Era",6.01670489814895e-07,0
"634","eatonad02",528,899,"no",157,44,60,289,84,324,608,68,33,9,2020,0.282,3622,1324,0.416,0.36,0.776,0.332,113,0.286,0.422,0.362,0.784,2016,2.25806451612903,0.0618279569892473,0.0376344086021505,0.0120967741935484,"OF","Adam","Eaton","FALSE","Post-Steroid Era",7.03598251699786e-06,0
"645","ellisaj01",194,466,"no",82,3,44,229,2,280,414,28,29,11,2018,0.239,2303,686,0.352,0.34,0.692,0.28,94,0.24,0.355,0.341,0.696,2015,7.71189591078067,0.66542750929368,0.0278810408921933,0.0631970260223048,"C","A. J.","Ellis","FALSE","Post-Steroid Era",0.00142528062916085,0.1
"648","ellsbja01",749,1376,"no",241,47,104,512,343,399,737,46,21,11,2017,0.284,5344,2023,0.417,0.342,0.759,0.315,114,0.289,0.434,0.347,0.781,2013,2.3464322647363,0.0268872802481903,0.0124095139607032,0.0103412616339193,"OF","Jacoby","Ellsbury","FALSE","Post-Steroid Era",9.75083939595544e-05,0
"651","encared01",1099,1832,"no",370,10,424,1261,61,903,1426,105,0,16,2020,0.26,8114,3494,0.496,0.35,0.846,0.268,146,0.268,0.537,0.368,0.905,2015,8.09750566893424,0.458049886621315,0.0566893424036281,0.73015873015873,"1B","Edwin","Encarnacion","FALSE","Post-Steroid Era",0.00148276393965581,0.1
"660","escobal02",605,1367,"no",224,54,41,442,174,231,776,46,85,11,2018,0.258,5702,1822,0.343,0.293,0.636,0.293,80,0.263,0.353,0.297,0.65,2014,1.41935483870968,2.74285714285714,0.103225806451613,0.579723502304147,"SS","Alcides","Escobar","FALSE","Post-Steroid Era",9.57686831272783e-05,0
"661","escobed01",426,862,"no",189,32,110,446,20,245,712,21,13,10,2020,0.257,3671,1445,0.43,0.308,0.738,0.293,105,0.264,0.458,0.316,0.774,2016,0.509302325581395,1.55348837209302,0.0581395348837209,0.17906976744186,"3B","Eduardo","Escobar","FALSE","Post-Steroid Era",7.20709126773728e-06,0
"662","escobyu01",689,1501,"no",258,12,90,519,34,509,686,55,51,11,2017,0.282,5957,2053,0.386,0.35,0.736,0.309,112,0.293,0.407,0.364,0.771,2011,1.38142620232172,2.74626865671642,0.0895522388059701,0.570480928689884,"SS","Yunel","Escobar","FALSE","Post-Steroid Era",0.00313251194382065,0.3
"664","espinda01",367,644,"no",139,12,98,316,64,242,943,78,20,8,2017,0.221,3267,1101,0.378,0.297,0.675,0.29,86,0.228,0.388,0.306,0.694,2014,1.75652173913043,2.7095652173913,0.0539130434782609,0.598260869565217,"2B","Danny","Espinosa","FALSE","Post-Steroid Era",1.10272266440338e-05,0
"668","ethiean01",641,1367,"no",303,34,162,687,29,519,938,58,2,12,2017,0.285,5423,2224,0.463,0.359,0.822,0.322,128,0.285,0.474,0.362,0.836,2011,1.68847352024922,0.0498442367601246,0.019730010384216,0.00934579439252336,"OF","Andre","Ethier","FALSE","Post-Steroid Era",9.85147989879342e-05,0
"704","fieldpr01",862,1645,"no",321,10,319,1028,18,847,1155,124,0,12,2016,0.283,6853,2943,0.506,0.382,0.888,0.301,153,0.292,0.535,0.398,0.933,2010,8.16977225672878,0.556935817805383,0.0745341614906832,0.772256728778468,"1B","Prince","Fielder","FALSE","Post-Steroid Era",0.00140519938202457,0.1
"714","flahery01",152,284,"no",52,5,37,142,10,112,360,19,12,8,2019,0.215,1473,457,0.345,0.284,0.629,0.265,77,0.218,0.36,0.286,0.646,2015,1.53038674033149,2.53038674033149,0.0331491712707182,0.646408839779006,"2B","Ryan","Flaherty","FALSE","Post-Steroid Era",1.54435146362948e-06,0
"723","florewi01",275,625,"no",125,3,89,322,4,133,328,20,3,8,2020,0.268,2509,1023,0.439,0.31,0.749,0.277,106,0.268,0.434,0.309,0.743,2017,1.4180790960452,2.10734463276836,0.0564971751412429,0.491525423728814,"2B","Wilmer","Flores","FALSE","Post-Steroid Era",4.60996747387485e-06,0
"725","flowety01",267,582,"no",111,5,86,301,2,227,852,75,4,12,2020,0.237,2776,961,0.391,0.319,0.71,0.324,100,0.247,0.405,0.327,0.732,2016,7.54276315789474,0.511513157894737,0.0444078947368421,0.0509868421052632,"C","Tyler","Flowers","FALSE","Post-Steroid Era",0.000950212484037805,0.1
"738","forsylo01",389,762,"no",150,13,71,307,42,343,757,47,5,10,2020,0.244,3539,1151,0.369,0.326,0.695,0.298,98,0.254,0.397,0.336,0.733,2015,1.51823416506718,2.2552783109405,0.0671785028790787,0.441458733205374,"2B","Logan","Forsythe","FALSE","Post-Steroid Era",6.12862187602672e-06,0
"745","fowlede01",814,1301,"no",253,82,127,516,148,739,1320,51,43,13,2020,0.259,5881,2099,0.418,0.358,0.776,0.326,124,0.269,0.43,0.369,0.799,2014,2.11799065420561,0.0385514018691589,0.036214953271028,0.0128504672897196,"OF","Dexter","Fowler","FALSE","Post-Steroid Era",3.42825903610011e-05,0
"750","francje02",626,1373,"no",281,27,160,698,54,284,1080,60,2,12,2016,0.261,5660,2188,0.416,0.303,0.719,0.298,103,0.276,0.446,0.315,0.761,2009,1.91944146079484,0.0945220193340494,0.0386680988184748,0.0204081632653061,"OF","Jeff","Francoeur","FALSE","Post-Steroid Era",1.60285860748899e-05,0
"752","francma02",302,645,"no",126,4,110,381,4,189,427,11,0,7,2020,0.252,2782,1109,0.433,0.304,0.737,0.262,100,0.251,0.434,0.303,0.737,2018,0.652713178294574,1.6077519379845,0.103875968992248,0.150387596899225,"3B","Maikel","Franco","FALSE","Post-Steroid Era",1.89631650105922e-06,0
"755","frazito01",601,1056,"no",211,15,218,636,73,435,1079,75,4,10,2020,0.242,4909,1951,0.448,0.319,0.767,0.27,113,0.247,0.46,0.323,0.783,2015,0.631520532741398,1.76026637069922,0.0876803551609323,0.182019977802442,"3B","Todd","Frazier","FALSE","Post-Steroid Era",5.11757600291669e-05,0
"759","freemfr01",849,1524,"no",342,23,240,858,45,691,1205,68,0,11,2020,0.295,5965,2632,0.509,0.383,0.892,0.341,154,0.303,0.523,0.394,0.917,2017,8.03371970495258,0.582718651211802,0.0400421496311907,0.758693361433087,"1B","Freddie","Freeman","FALSE","Post-Steroid Era",0.000609257046383087,0.1
"760","freesda01",481,1041,"no",197,7,113,535,8,370,974,73,4,11,2019,0.277,4229,1591,0.423,0.351,0.774,0.344,121,0.281,0.443,0.353,0.796,2014,0.4860853432282,1.81447124304267,0.109461966604824,0.211502782931354,"3B","David","Freese","FALSE","Post-Steroid Era",4.55851293409119e-05,0
"784","galvifr01",383,880,"no",156,26,95,386,56,214,776,19,25,9,2020,0.247,3844,1373,0.385,0.291,0.676,0.289,85,0.252,0.39,0.297,0.687,2017,1.35019455252918,2.57717250324254,0.0648508430609598,0.56420233463035,"SS","Freddy","Galvis","FALSE","Post-Steroid Era",5.29551243085816e-05,0
"792","garciav01",385,805,"no",123,16,98,389,37,200,756,42,0,9,2020,0.271,3234,1254,0.422,0.324,0.746,0.331,104,0.275,0.432,0.325,0.757,2016,1.91143317230274,0.0772946859903382,0.0418679549114332,0.0144927536231884,"OF","Avisail","Garcia","FALSE","Post-Steroid Era",2.02311715644459e-06,0
"796","gardnbr01",896,1384,"no",235,69,129,539,270,639,1145,64,64,13,2020,0.259,6153,2144,0.401,0.343,0.744,0.305,111,0.263,0.42,0.346,0.766,2015,1.93046357615894,0.0496688741721854,0.0121412803532009,0.00662251655629139,"OF","Brett","Gardner","FALSE","Post-Steroid Era",2.64976019090455e-05,0
"805","gattiev01",299,605,"no",116,12,139,410,3,167,575,26,0,6,2018,0.248,2662,1162,0.476,0.3,0.776,0.266,111,0.248,0.476,0.299,0.775,2016,7.98755186721992,0.510373443983402,0.0746887966804979,0.033195020746888,"C","Evan","Gattis","FALSE","Post-Steroid Era",0.00153491613822727,0.2
"811","gennesc01",365,773,"no",149,16,87,360,24,156,571,17,17,7,2019,0.286,2910,1215,0.449,0.327,0.776,0.333,116,0.289,0.461,0.333,0.794,2016,1.73088685015291,2.45871559633028,0.081039755351682,0.58868501529052,"2B","Scooter","Gennett","FALSE","Post-Steroid Era",3.53020166858683e-05,0
"839","goldspa01",837,1395,"no",305,20,249,828,128,770,1268,35,0,10,2020,0.293,5609,2487,0.522,0.392,0.914,0.349,159,0.301,0.536,0.407,0.943,2016,8.66382978723404,0.7,0.0340425531914894,0.792553191489362,"1B","Paul","Goldschmidt","FALSE","Post-Steroid Era",0.00235348950481037,0.2
"841","gomesya01",320,654,"no",143,7,103,364,5,166,716,44,2,9,2020,0.246,2899,1120,0.422,0.298,0.72,0.295,97,0.25,0.426,0.302,0.728,2016,8.46627565982405,0.55425219941349,0.0659824046920821,0.0513196480938416,"C","Yan","Gomes","FALSE","Post-Steroid Era",0.00170917089122788,0.2
"842","gomezca01",675,1189,"no",236,41,145,546,268,319,1259,112,45,13,2019,0.252,5227,1942,0.411,0.313,0.724,0.312,113,0.264,0.458,0.328,0.786,2014,2.30036188178528,0.060313630880579,0.0337756332931242,0.0168878166465621,"OF","Carlos","Gomez","FALSE","Post-Steroid Era",1.98993936021965e-05,0
"844","gonzaad01",997,2050,"no",437,12,317,1202,6,782,1401,45,4,15,2018,0.287,8043,3462,0.485,0.358,0.843,0.315,141,0.293,0.508,0.373,0.881,2011,8.22314049586777,0.767676767676768,0.0440771349862259,0.75941230486685,"1B","Adrian","Gonzalez","FALSE","Post-Steroid Era",0.00524267742908284,0.5
"847","gonzaca01",821,1432,"no",302,40,234,785,122,448,1240,22,7,12,2019,0.285,5551,2516,0.5,0.343,0.843,0.333,145,0.3,0.543,0.357,0.9,2012,1.71347678369196,0.0679501698754247,0.0237825594563986,0.00453001132502831,"OF","Carlos","Gonzalez","FALSE","Post-Steroid Era",0.000415007309777218,0
"850","gonzama01",370,799,"no",162,8,96,369,38,227,680,30,34,9,2020,0.261,3368,1265,0.413,0.317,0.73,0.306,104,0.268,0.431,0.326,0.757,2016,1.00418410041841,2.38075313807531,0.0920502092050209,0.460251046025105,"SS","Marwin","Gonzalez","FALSE","Post-Steroid Era",4.41083957810383e-05,0
"858","gordoal01",867,1643,"no",357,26,190,749,113,684,1535,121,8,14,2020,0.257,7247,2622,0.41,0.338,0.748,0.309,120,0.277,0.441,0.355,0.796,2013,2.02771362586605,0.0842956120092379,0.0103926096997691,0.0115473441108545,"OF","Alex","Gordon","FALSE","Post-Steroid Era",0.000132292775062177,0
"859","gordode01",532,1100,"no",124,54,18,234,333,168,610,32,29,10,2020,0.286,4102,1386,0.36,0.319,0.679,0.333,92,0.297,0.378,0.327,0.705,2016,1.86095505617978,2.56601123595506,0.0786516853932584,0.657303370786517,"2B","Dee","Strange-Gordon","FALSE","Post-Steroid Era",4.72852387041795e-05,0
"870","grandcu01",1217,1800,"no",346,95,344,937,153,924,1916,67,30,16,2019,0.249,8306,3368,0.465,0.337,0.802,0.29,130,0.263,0.502,0.35,0.852,2012,2.26762002042901,0.0480081716036772,0.0234933605720123,0.0102145045965271,"OF","Curtis","Granderson","FALSE","Post-Steroid Era",0.000872209458207835,0.1
"871","grandya01",401,710,"no",143,7,149,443,11,487,831,17,2,9,2020,0.24,3486,1314,0.445,0.348,0.793,0.28,119,0.24,0.446,0.358,0.804,2016,8.06544901065449,0.4337899543379,0.0517503805175038,0.0502283105022831,"C","Yasmani","Grandal","FALSE","Post-Steroid Era",0.0108302615622866,1.1
"884","gregodi01",451,877,"no",155,21,120,457,33,216,509,41,15,9,2020,0.265,3617,1434,0.433,0.315,0.748,0.279,105,0.27,0.438,0.318,0.756,2017,1.21007371007371,2.54422604422604,0.0847665847665848,0.465601965601966,"SS","Didi","Gregorius","FALSE","Post-Steroid Era",0.000114019535367264,0
"886","grichra01",352,620,"no",153,20,134,358,21,156,749,22,1,7,2020,0.246,2707,1215,0.483,0.295,0.778,0.295,108,0.242,0.483,0.292,0.775,2018,1.89032258064516,0.0435483870967742,0.017741935483871,0.0112903225806452,"OF","Randal","Grichuk","FALSE","Post-Steroid Era",9.74708029637862e-07,0
"899","grossro01",319,596,"no",131,10,50,254,37,345,574,17,12,8,2020,0.252,2748,897,0.38,0.35,0.73,0.312,103,0.253,0.372,0.352,0.724,2017,1.72826086956522,0.0344202898550725,0.0380434782608696,0.0036231884057971,"OF","Robbie","Grossman","FALSE","Post-Steroid Era",8.88612483870289e-07,0
"914","gutiefr01",394,778,"no",150,9,97,361,78,228,736,22,31,12,2017,0.257,3335,1237,0.408,0.311,0.719,0.307,107,0.269,0.436,0.326,0.762,2011,2.17352415026834,0.0339892665474061,0.0250447227191413,0.00715563506261181,"OF","Franklin","Gutierrez","FALSE","Post-Steroid Era",3.79914460013598e-06,0
"919","gyorkje01",317,659,"no",111,5,121,370,14,248,670,18,0,8,2020,0.245,2983,1143,0.424,0.31,0.734,0.279,102,0.247,0.432,0.31,0.742,2016,1.50129198966408,2.57881136950904,0.0568475452196382,0.521963824289406,"2B","Jedd","Gyorko","FALSE","Post-Steroid Era",1.37429618203539e-05,0
"937","hamilbi02",416,684,"no",101,36,22,178,305,224,648,4,40,8,2020,0.241,3125,923,0.325,0.296,0.621,0.303,72,0.242,0.331,0.296,0.627,2016,2.28181818181818,0.0714285714285714,0.012987012987013,0.0168831168831169,"OF","Billy","Hamilton","FALSE","Post-Steroid Era",4.4643235088638e-07,0
"944","hanigry01",192,492,"no",71,1,30,214,1,255,290,29,14,11,2017,0.251,2268,655,0.334,0.344,0.678,0.28,93,0.257,0.343,0.353,0.696,2012,6.69230769230769,0.415026833631485,0.0322003577817531,0.0572450805008945,"C","Ryan","Hanigan","FALSE","Post-Steroid Era",0.000427581078316515,0
"949","hardyjj01",718,1488,"no",291,14,188,688,8,411,960,15,40,13,2017,0.256,6309,2371,0.408,0.305,0.713,0.277,106,0.272,0.444,0.319,0.763,2011,1.37313432835821,2.81663113006397,0.0810234541577825,0.636460554371002,"SS","J. J.","Hardy","FALSE","Post-Steroid Era",0.00253363661186413,0.3
"955","harpebr03",749,1122,"no",228,21,232,668,98,733,1055,31,10,9,2020,0.276,4883,2088,0.513,0.387,0.9,0.315,153,0.281,0.534,0.394,0.928,2016,1.86091954022989,0.0620689655172414,0.035632183908046,0.0103448275862069,"OF","Bryce","Harper","FALSE","Post-Steroid Era",0.000260970054306312,0
"964","harrijo05",384,819,"no",163,28,56,291,80,132,496,60,27,10,2020,0.273,3250,1206,0.402,0.314,0.716,0.308,100,0.283,0.416,0.323,0.739,2015,1.67875647668394,2.50259067357513,0.0673575129533679,0.61139896373057,"2B","Josh","Harrison","FALSE","Post-Steroid Era",1.80428938644759e-05,0
"987","headlch01",637,1337,"no",272,16,130,596,93,574,1298,61,3,12,2018,0.263,5761,2031,0.399,0.342,0.741,0.327,111,0.268,0.423,0.353,0.776,2012,0.648318042813456,1.81957186544342,0.0902140672782875,0.149847094801223,"3B","Chase","Headley","FALSE","Post-Steroid Era",0.000101526065523693,0
"992","hechaad01",311,778,"no",116,36,37,273,35,163,550,9,19,9,2020,0.253,3287,1077,0.351,0.291,0.642,0.295,78,0.253,0.342,0.29,0.632,2016,1.25631313131313,2.58838383838384,0.0795454545454545,0.556818181818182,"SS","Adeiny","Hechavarria","FALSE","Post-Steroid Era",1.48627907292162e-05,0
"999","heisech01",218,380,"no",69,12,62,178,25,110,414,27,14,8,2017,0.238,1758,659,0.413,0.296,0.709,0.281,99,0.249,0.425,0.303,0.728,2013,1.49579831932773,0.0189075630252101,0.0168067226890756,0.00210084033613445,"OF","Chris","Heisey","FALSE","Post-Steroid Era",2.22694394277675e-07,0
"1020","hernace02",442,873,"no",133,27,49,273,80,349,677,21,12,8,2020,0.277,3542,1207,0.383,0.352,0.735,0.339,103,0.278,0.389,0.355,0.744,2018,1.60709413369714,2.49931787175989,0.077762619372442,0.612551159618008,"2B","Cesar","Hernandez","FALSE","Post-Steroid Era",2.87981374092457e-05,0
"1030","heywaja01",731,1325,"no",249,36,150,601,112,606,1001,49,6,11,2020,0.261,5753,2096,0.414,0.345,0.759,0.298,120,0.271,0.437,0.356,0.793,2015,2.00563063063063,0.0529279279279279,0.0225225225225225,0.0135135135135135,"OF","Jason","Heyward","FALSE","Post-Steroid Era",4.10176523299856e-05,0
"1033","hicksaa01",352,544,"no",99,12,88,297,55,337,562,11,10,8,2020,0.235,2697,931,0.402,0.332,0.734,0.27,106,0.242,0.426,0.344,0.77,2017,2.04470198675497,0.0397350993377483,0.0182119205298013,0.0132450331125828,"OF","Aaron","Hicks","FALSE","Post-Steroid Era",1.69995970957325e-06,0
"1039","hillaa01",736,1501,"no",325,22,162,695,74,443,847,55,19,13,2017,0.266,6214,2356,0.417,0.323,0.74,0.286,113,0.288,0.458,0.341,0.799,2010,1.69479606188467,3.14908579465541,0.0520393811533052,0.706047819971871,"2B","Aaron","Hill","FALSE","Post-Steroid Era",0.0026797291316089,0.3
"1067","hollima01",1157,2096,"no",468,32,316,1220,108,802,1362,124,1,15,2018,0.299,7981,3576,0.51,0.379,0.889,0.331,151,0.318,0.549,0.396,0.945,2009,1.73960396039604,0.0445544554455446,0.0237623762376238,0.00693069306930693,"OF","Matt","Holliday","FALSE","Post-Steroid Era",0.0220054036111342,2.2
"1071","holtbr01",295,572,"no",114,16,23,211,36,210,459,23,15,9,2020,0.268,2401,787,0.369,0.337,0.706,0.329,100,0.276,0.383,0.343,0.726,2016,1.32589285714286,2.00446428571429,0.0357142857142857,0.433035714285714,"2B","Brock","Holt","FALSE","Post-Steroid Era",3.35283858376394e-06,0
"1078","hosmeer01",714,1492,"no",272,20,176,770,71,471,1047,17,2,10,2020,0.278,5893,2332,0.435,0.336,0.771,0.315,121,0.291,0.453,0.348,0.801,2015,7.99890350877193,0.610745614035088,0.0460526315789474,0.757675438596491,"1B","Eric","Hosmer","FALSE","Post-Steroid Era",4.12264219854225e-05,0
"1085","howarry01",848,1475,"no",277,21,382,1194,12,709,1843,59,0,13,2016,0.258,6530,2940,0.515,0.343,0.858,0.309,146,0.274,0.558,0.369,0.927,2008,8.64807302231237,0.566937119675456,0.0882352941176471,0.791075050709939,"1B","Ryan","Howard","FALSE","Post-Steroid Era",0.0010815618461112,0.1
"1101","hundlni01",319,766,"no",169,20,93,376,15,219,810,19,10,12,2019,0.247,3373,1254,0.405,0.299,0.704,0.303,104,0.26,0.429,0.315,0.744,2013,6.87707641196013,0.501661129568106,0.0730897009966777,0.0681063122923588,"C","Nick","Hundley","FALSE","Post-Steroid Era",0.000531520301279621,0.1
"1111","iannech01",449,820,"no",181,11,141,502,11,576,1024,69,9,14,2019,0.23,4253,1446,0.406,0.345,0.751,0.279,119,0.24,0.429,0.364,0.793,2013,6.7718023255814,0.5,0.0348837209302326,0.0508720930232558,"C","Chris","Iannetta","FALSE","Post-Steroid Era",0.00433758825882312,0.4
"1113","iglesjo01",325,792,"no",163,12,35,271,52,135,371,44,24,9,2020,0.278,3065,1084,0.381,0.319,0.7,0.308,90,0.275,0.372,0.316,0.688,2016,1.25207756232687,2.56094182825485,0.0595567867036011,0.592797783933518,"SS","Jose","Iglesias","FALSE","Post-Steroid Era",6.36471497697898e-05,0
"1115","inciaen01",435,857,"no",136,28,40,253,117,232,425,18,19,7,2020,0.282,3325,1169,0.385,0.335,0.72,0.315,100,0.288,0.391,0.338,0.729,2016,2.44113667117727,0.0663058186738836,0.0324763193504736,0.013531799729364,"OF","Ender","Inciarte","FALSE","Post-Steroid Era",3.50257879680222e-06,0
"1116","infanom01",609,1427,"no",260,53,82,542,80,296,776,14,64,15,2016,0.271,5698,2039,0.387,0.308,0.695,0.301,104,0.288,0.419,0.326,0.745,2010,1.6504854368932,2.94012944983819,0.0906148867313916,0.614886731391586,"2B","Omar","Infante","FALSE","Post-Steroid Era",0.000211665843132065,0
"1127","jacksau01",621,1145,"no",218,53,65,381,114,374,1120,22,28,9,2018,0.273,4653,1664,0.396,0.333,0.729,0.355,107,0.275,0.405,0.336,0.741,2013,2.35325506937033,0.0405549626467449,0.0256136606189968,0.0128068303094984,"OF","Austin","Jackson","FALSE","Post-Steroid Era",1.01581858183441e-05,0
"1144","jasojo01",295,573,"no",143,12,55,281,16,319,412,28,5,9,2017,0.258,2591,905,0.407,0.356,0.763,0.292,116,0.261,0.41,0.362,0.772,2014,6.14522821576764,0.278008298755187,0.037344398340249,0.029045643153527,"C","John","Jaso","FALSE","Post-Steroid Era",0.000499670385747465,0
"1147","jayjo02",530,1082,"no",185,25,37,340,55,285,714,110,55,11,2020,0.283,4300,1428,0.373,0.348,0.721,0.337,109,0.293,0.39,0.359,0.749,2013,1.96943765281174,0.0293398533007335,0.0097799511002445,0.0110024449877751,"OF","Jon","Jay","FALSE","Post-Steroid Era",8.80069172454476e-06,0
"1161","johnsch05",256,773,"no",154,10,63,339,18,144,753,19,4,8,2016,0.275,2995,1136,0.404,0.313,0.717,0.353,100,0.28,0.413,0.317,0.73,2013,0.49445324881141,1.55150554675119,0.118858954041204,0.134706814580032,"3B","Chris","Johnson","FALSE","Post-Steroid Era",2.02639974120093e-06,0
"1171","johnske05",632,1140,"no",230,40,155,550,87,516,1145,28,28,11,2016,0.251,5137,1915,0.422,0.33,0.752,0.302,112,0.263,0.443,0.343,0.786,2010,1.74716369529984,2.68557536466775,0.0777957860615883,0.617504051863857,"2B","Kelly","Johnson","FALSE","Post-Steroid Era",0.000255141827016901,0
"1177","jonesad01",963,1939,"no",336,29,282,945,97,340,1395,103,8,14,2019,0.277,7515,3179,0.454,0.317,0.771,0.308,118,0.282,0.477,0.321,0.798,2012,2.57534246575342,0.073385518590998,0.038160469667319,0.0185909980430528,"OF","Adam","Jones","FALSE","Post-Steroid Era",0.00116050203684373,0.1
"1198","joycema01",531,893,"no",205,15,147,496,35,547,919,31,3,13,2020,0.244,4286,1569,0.428,0.343,0.771,0.283,123,0.254,0.463,0.35,0.813,2013,1.65141955835962,0.0378548895899054,0.0331230283911672,0.00946372239747634,"OF","Matthew","Joyce","FALSE","Post-Steroid Era",6.11652285471264e-06,0
"1224","kempma01",950,1808,"no",338,37,287,1031,184,518,1641,26,1,15,2020,0.284,6982,3081,0.484,0.337,0.821,0.337,137,0.298,0.516,0.353,0.869,2012,1.85868392664509,0.0593311758360302,0.0258899676375405,0.0183387270765912,"OF","Matt","Kemp","FALSE","Post-Steroid Era",0.0022134433487802,0.2
"1228","kendrho01",792,1747,"no",354,38,127,724,126,349,1102,61,24,15,2020,0.294,6421,2558,0.43,0.337,0.767,0.34,122,0.3,0.447,0.348,0.795,2014,1.67225325884544,2.69459962756052,0.0763500931098696,0.562383612662942,"2B","Howie","Kendrick","FALSE","Post-Steroid Era",0.00266950414840255,0.3
"1238","kiermke01",328,619,"no",113,44,71,257,97,189,576,29,14,8,2020,0.248,2740,1033,0.413,0.307,0.72,0.294,96,0.251,0.419,0.307,0.726,2017,2.40306834030683,0.0683403068340307,0.0320781032078103,0.0125523012552301,"OF","Kevin","Kiermaier","FALSE","Post-Steroid Era",8.64042438124885e-07,0
"1247","kinslia01",1243,1999,"no",416,41,257,909,243,693,1046,92,32,14,2019,0.269,8299,3268,0.44,0.337,0.777,0.282,122,0.28,0.463,0.35,0.813,2012,1.91702127659574,2.92021276595745,0.0872340425531915,0.741489361702128,"2B","Ian","Kinsler","FALSE","Post-Steroid Era",0.0257388736351789,2.6
"1248","kipnija01",607,1147,"no",260,24,126,545,136,467,951,39,26,10,2020,0.26,4984,1833,0.416,0.333,0.749,0.303,109,0.266,0.426,0.339,0.765,2016,1.47699214365881,2.58136924803591,0.063973063973064,0.54320987654321,"2B","Jason","Kipnis","FALSE","Post-Steroid Era",0.000105058736751949,0
"1294","lagarju01",227,498,"no",97,19,25,179,44,106,437,21,17,8,2020,0.254,2119,708,0.361,0.297,0.658,0.313,81,0.256,0.358,0.297,0.655,2016,1.98611111111111,0.0509259259259259,0.029320987654321,0.00617283950617284,"OF","Juan","Lagares","FALSE","Post-Steroid Era",1.60867865667086e-07,0
"1323","lawribr01",266,578,"no",112,13,71,253,41,153,487,27,8,6,2016,0.261,2417,929,0.419,0.315,0.734,0.303,103,0.26,0.406,0.313,0.719,2014,0.682539682539683,1.95238095238095,0.120181405895692,0.174603174603175,"3B","Brett","Lawrie","FALSE","Post-Steroid Era",3.35497429350158e-06,0
"1340","lemahdj01",651,1294,"no",206,35,85,478,83,342,688,19,35,10,2020,0.305,4670,1825,0.43,0.357,0.787,0.345,124,0.314,0.449,0.371,0.82,2017,1.73509933774834,2.86490066225166,0.0463576158940397,0.650331125827815,"2B","DJ","LeMahieu","FALSE","Post-Steroid Era",0.00169174646550452,0.2
"1357","lindad01",588,1247,"no",259,12,200,723,7,393,945,17,3,12,2017,0.272,5029,2130,0.465,0.33,0.795,0.302,128,0.284,0.494,0.349,0.843,2013,7.9936170212766,0.595744680851064,0.0595744680851064,0.846808510638298,"1B","Adam","Lind","FALSE","Post-Steroid Era",3.03180023412287e-05,0
"1360","lindofr01",508,896,"no",191,15,138,411,99,284,496,25,25,6,2020,0.285,3510,1531,0.488,0.346,0.834,0.298,124,0.284,0.493,0.345,0.838,2018,1.28964613368283,2.50065530799476,0.0747051114023591,0.568807339449541,"SS","Francisco","Lindor","FALSE","Post-Steroid Era",0.000703058749024186,0.1
"1374","loneyja01",528,1425,"no",267,21,108,669,38,397,652,20,8,11,2016,0.284,5486,2058,0.41,0.336,0.746,0.306,110,0.288,0.416,0.343,0.759,2010,7.91291585127202,0.562622309197652,0.0528375733855186,0.690802348336595,"1B","James","Loney","FALSE","Post-Steroid Era",1.11394464933101e-05,0
"1377","longoev01",916,1752,"no",392,26,304,1043,57,645,1472,69,1,13,2020,0.266,7380,3108,0.473,0.334,0.807,0.296,134,0.274,0.51,0.35,0.86,2011,0.761111111111111,1.83444444444444,0.09,0.237777777777778,"3B","Evan","Longoria","FALSE","Post-Steroid Era",0.00493972195490374,0.5
"1394","lowrije01",521,1043,"no",259,17,104,509,7,439,748,22,8,12,2019,0.261,4500,1648,0.413,0.335,0.748,0.295,116,0.272,0.449,0.349,0.798,2013,1.4434250764526,2.43730886850153,0.0428134556574924,0.596330275229358,"2B","Jed","Lowrie","FALSE","Post-Steroid Era",0.000102311772167144,0
"1395","lucrojo01",481,1128,"no",216,24,108,545,30,366,658,34,7,11,2020,0.274,4568,1716,0.416,0.335,0.751,0.3,118,0.284,0.446,0.349,0.795,2014,7.29228855721393,0.508706467661692,0.054726368159204,0.0522388059701493,"C","Jonathan","Lucroy","FALSE","Post-Steroid Era",0.0110361774831782,1.1
"1409","machama01",647,1268,"no",244,15,223,645,64,387,834,21,14,9,2020,0.28,4989,2211,0.488,0.337,0.825,0.298,128,0.284,0.491,0.343,0.834,2016,0.759656652360515,2.04291845493562,0.0886981402002861,0.218884120171674,"3B","Manny","Machado","FALSE","Post-Steroid Era",0.000719194765789699,0.1
"1425","maldoma01",236,488,"no",95,3,69,244,3,189,617,51,26,10,2020,0.218,2508,796,0.356,0.293,0.649,0.269,79,0.221,0.364,0.291,0.655,2017,7.88311688311688,0.480519480519481,0.0584415584415584,0.0422077922077922,"C","Martin","Maldonado","FALSE","Post-Steroid Era",0.000167382959384459,0
"1439","marisja01",247,395,"no",80,10,56,183,73,101,561,28,19,8,2020,0.229,1883,663,0.385,0.281,0.666,0.303,83,0.228,0.39,0.281,0.671,2016,1.80232558139535,0.0465116279069767,0.0166112956810631,0.0132890365448505,"OF","Jake","Marisnick","FALSE","Post-Steroid Era",1.26866370819042e-07,0
"1441","markani01",1119,2388,"no",514,22,189,1046,66,891,1230,51,4,15,2020,0.288,9321,3513,0.423,0.357,0.78,0.316,123,0.297,0.455,0.367,0.822,2011,1.96117424242424,0.071969696969697,0.0170454545454545,0.0113636363636364,"OF","Nick","Markakis","FALSE","Post-Steroid Era",0.00225302277284547,0.2
"1446","marteke01",294,607,"no",122,29,56,236,39,185,350,14,6,6,2020,0.282,2371,955,0.444,0.341,0.785,0.313,112,0.287,0.464,0.346,0.81,2018,1.10545454545455,2.66181818181818,0.156363636363636,0.589090909090909,"SS","Ketel","Marte","FALSE","Post-Steroid Era",2.92376039156265e-05,0
"1447","martest01",591,1111,"no",206,43,114,447,249,208,853,120,15,9,2020,0.287,4236,1745,0.45,0.341,0.791,0.341,120,0.29,0.461,0.344,0.805,2016,1.76878612716763,0.0751445086705202,0.0323699421965318,0.0092485549132948,"OF","Starling","Marte","FALSE","Post-Steroid Era",2.01003754467267e-05,0
"1455","martijd02",622,1213,"no",254,17,238,738,25,411,1129,24,0,10,2020,0.29,4658,2215,0.53,0.354,0.884,0.341,154,0.305,0.572,0.371,0.943,2016,1.78492935635793,0.0533751962323391,0.0313971742543171,0.0156985871271586,"OF","J. D.","Martinez","FALSE","Post-Steroid Era",0.00028084021185922,0
"1457","martile01",334,617,"no",94,22,58,228,126,190,637,24,30,9,2019,0.244,2792,929,0.367,0.301,0.668,0.302,88,0.254,0.371,0.31,0.681,2016,2.50593471810089,0.0905044510385757,0.029673590504451,0.0118694362017804,"OF","Leonys","Martin","FALSE","Post-Steroid Era",8.83327707477276e-07,0
"1460","martiru01",803,1416,"no",255,9,191,771,101,792,1211,107,12,14,2019,0.248,6648,2262,0.397,0.349,0.746,0.283,114,0.267,0.424,0.361,0.785,2011,7.14092446448703,0.589627959413754,0.0608793686583991,0.0574971815107103,"C","Russell","Martin","FALSE","Post-Steroid Era",0.0309202930460489,3.1
"1463","martivi01",914,2153,"no",423,3,246,1178,7,730,891,53,0,16,2018,0.295,8166,3320,0.455,0.36,0.815,0.305,137,0.312,0.489,0.381,0.87,2009,6.26494345718901,0.389337641357027,0.0500807754442649,0.0468497576736672,"C","Victor","Martinez","FALSE","Post-Steroid Era",0.566238502824202,56.6
"1468","mathije01",255,526,"no",112,8,53,286,12,205,867,16,51,16,2020,0.194,3006,813,0.3,0.253,0.553,0.261,61,0.205,0.316,0.273,0.589,2012,6.97494780793319,0.69937369519833,0.0647181628392484,0.058455114822547,"C","Jeff","Mathis","FALSE","Post-Steroid Era",3.34889567094672e-05,0
"1474","mauerjo01",1018,2123,"no",428,30,143,923,52,939,1034,25,6,15,2018,0.306,7960,3040,0.439,0.388,0.827,0.341,142,0.331,0.474,0.414,0.888,2011,6.4181240063593,0.343402225755167,0.0286168521462639,0.041335453100159,"C","Joe","Mauer","FALSE","Post-Steroid Era",0.524322258328068,52.4
"1478","maybica01",554,972,"no",173,34,72,354,186,365,909,24,18,14,2020,0.256,4218,1429,0.376,0.324,0.7,0.318,99,0.264,0.385,0.333,0.718,2015,2.21648044692737,0.026536312849162,0.0279329608938547,0.00558659217877095,"OF","Cameron","Maybin","FALSE","Post-Steroid Era",3.89273097097192e-06,0
"1494","mccanbr01",742,1590,"no",294,5,282,1018,25,640,1054,75,9,15,2019,0.262,6850,2740,0.452,0.337,0.789,0.273,127,0.279,0.486,0.359,0.845,2010,7.18066743383199,0.474108170310702,0.0690448791714614,0.0621403912543153,"C","Brian","McCann","FALSE","Post-Steroid Era",0.185866795583951,18.6
"1509","mccutan01",974,1719,"no",343,48,243,853,191,845,1286,73,3,12,2020,0.285,7014,2887,0.478,0.376,0.854,0.323,145,0.295,0.498,0.386,0.884,2013,2.21629213483146,0.0449438202247191,0.0290262172284644,0.0140449438202247,"OF","Andrew","McCutchen","FALSE","Post-Steroid Era",0.0022675706271258,0.2
"1520","mcgehca01",285,721,"no",141,6,67,380,7,249,517,8,0,8,2016,0.258,3086,1075,0.384,0.317,0.701,0.291,97,0.266,0.394,0.325,0.719,2012,0.498310810810811,1.62331081081081,0.108108108108108,0.170608108108108,"3B","Casey","McGehee","FALSE","Post-Steroid Era",2.61356040240058e-06,0
"1554","mercejo03",317,766,"no",166,15,64,299,13,237,555,27,22,9,2020,0.257,3289,1154,0.386,0.315,0.701,0.294,94,0.257,0.383,0.317,0.7,2016,1.21544209215442,2.73474470734745,0.0821917808219178,0.584059775840598,"SS","Jordy","Mercer","FALSE","Post-Steroid Era",5.99194080093507e-05,0
"1576","millebr02",316,606,"no",117,27,95,318,36,277,680,14,9,8,2020,0.24,2844,1062,0.421,0.316,0.737,0.289,105,0.247,0.437,0.312,0.749,2016,1.26984126984127,2.41534391534392,0.148148148148148,0.478835978835979,"SS","Brad","Miller","FALSE","Post-Steroid Era",1.14943031492396e-05,0
"1599","molinya01",713,2001,"no",381,7,160,932,66,513,803,69,43,17,2020,0.281,7811,2876,0.404,0.333,0.737,0.296,119,0.3,0.443,0.353,0.796,2013,7.17030567685589,0.5,0.0251091703056769,0.0622270742358079,"C","Yadier","Molina","FALSE","Post-Steroid Era",0.242995368336188,24.3
"1606","montemi01",458,973,"no",197,7,126,550,5,446,881,54,5,13,2018,0.256,4343,1562,0.411,0.34,0.751,0.299,116,0.271,0.433,0.355,0.788,2011,7.06613756613757,0.522486772486772,0.0793650793650794,0.0515873015873016,"C","Miguel","Montero","FALSE","Post-Steroid Era",0.00485494235992408,0.5
"1616","moralke01",584,1289,"no",257,7,213,740,6,417,978,48,0,13,2019,0.265,5357,2199,0.453,0.327,0.78,0.291,124,0.279,0.485,0.34,0.825,2013,8.19256756756757,0.513513513513513,0.0439189189189189,0.824324324324324,"1B","Kendrys","Morales","FALSE","Post-Steroid Era",3.07702083182525e-05,0
"1621","morelmi01",499,968,"no",208,8,176,588,11,367,917,33,6,11,2020,0.252,4284,1720,0.448,0.32,0.768,0.284,116,0.258,0.465,0.327,0.792,2016,7.01424050632911,0.526898734177215,0.0332278481012658,0.670886075949367,"1B","Mitch","Moreland","FALSE","Post-Steroid Era",1.08645936665156e-06,0
"1628","morneju01",772,1603,"no",349,23,247,985,5,573,988,46,0,14,2016,0.281,6392,2739,0.481,0.348,0.829,0.299,141,0.305,0.523,0.372,0.895,2009,8.45295698924731,0.682795698924731,0.032258064516129,0.865591397849462,"1B","Justin","Morneau","FALSE","Post-Steroid Era",0.00108625346582408,0.1
"1632","morrilo01",416,792,"no",163,21,140,426,23,393,740,37,1,11,2020,0.238,3779,1417,0.425,0.323,0.748,0.264,113,0.247,0.453,0.336,0.789,2013,7.84575835475578,0.619537275064267,0.0488431876606684,0.732647814910026,"1B","Logan","Morrison","FALSE","Post-Steroid Era",1.35674419091663e-06,0
"1633","morsemi01",296,705,"no",139,8,105,355,6,178,668,47,0,13,2017,0.274,2813,1175,0.457,0.331,0.788,0.331,118,0.28,0.477,0.334,0.811,2011,1.54755784061697,0.0359897172236504,0.012853470437018,0.0077120822622108,"OF","Mike","Morse","FALSE","Post-Steroid Era",3.49967566684749e-06,0
"1636","mossbr01",419,742,"no",159,17,160,473,11,328,968,36,0,11,2017,0.237,3521,1415,0.452,0.314,0.766,0.287,115,0.235,0.463,0.317,0.78,2014,1.57824933687003,0.0716180371352785,0.0238726790450928,0.0159151193633952,"OF","Brandon","Moss","FALSE","Post-Steroid Era",2.69214375927724e-06,0
"1640","moustmi01",501,1073,"no",235,6,190,588,19,334,752,49,8,10,2020,0.251,4700,1890,0.442,0.31,0.752,0.262,112,0.26,0.467,0.319,0.786,2016,0.701072386058981,1.84986595174263,0.0978552278820375,0.191689008042895,"3B","Mike","Moustakas","FALSE","Post-Steroid Era",3.7386232474642e-05,0
"1656","murphda08",710,1572,"no",371,29,138,735,68,364,709,25,7,12,2020,0.296,5752,2415,0.455,0.341,0.796,0.318,130,0.31,0.489,0.356,0.845,2014,1.61355311355311,2.41025641025641,0.0860805860805861,0.573260073260073,"2B","Daniel","Murphy","FALSE","Post-Steroid Era",0.00120723503139785,0.1
"1670","myerswi01",437,760,"no",169,12,129,417,95,331,894,15,1,8,2020,0.254,3363,1340,0.447,0.329,0.776,0.317,115,0.255,0.456,0.333,0.789,2017,1.73595505617978,0.0337078651685393,0.0224719101123595,0.00561797752808989,"OF","Wil","Myers","FALSE","Post-Steroid Era",3.60899217869965e-06,0
"1672","napolmi01",697,1125,"no",224,11,267,744,39,650,1468,69,2,12,2017,0.246,5329,2172,0.475,0.346,0.821,0.299,135,0.258,0.492,0.358,0.85,2012,7.73134328358209,0.606965174129353,0.0771144278606965,0.711442786069652,"1B","Mike","Napoli","FALSE","Post-Steroid Era",1.886466464797e-05,0
"1674","navada01",224,452,"no",103,2,29,206,10,196,387,55,7,7,2017,0.266,1977,646,0.38,0.357,0.737,0.325,110,0.279,0.401,0.368,0.769,2014,1.50782997762864,0.0604026845637584,0.0201342281879195,0.00671140939597315,"OF","Daniel","Nava","FALSE","Post-Steroid Era",1.10508286627841e-06,0
"1675","navardi01",322,802,"no",142,6,77,367,14,265,518,19,31,13,2016,0.25,3551,1187,0.37,0.309,0.679,0.275,96,0.269,0.395,0.326,0.721,2010,6.9538188277087,0.495559502664298,0.0728241563055062,0.0674955595026643,"C","Dioner","Navarro","FALSE","Post-Steroid Era",0.000609536057591221,0.1
"1698","norride01",242,453,"no",98,4,63,247,26,195,541,19,2,6,2017,0.23,2195,748,0.38,0.304,0.684,0.284,90,0.235,0.381,0.307,0.688,2014,7.15,0.442857142857143,0.0642857142857143,0.0375,"C","Derek","Norris","FALSE","Post-Steroid Era",0.00016241872093102,0
"1705","nunezed02",353,776,"no",148,19,58,309,142,135,400,16,20,11,2020,0.276,3008,1136,0.404,0.31,0.714,0.302,98,0.281,0.416,0.316,0.732,2015,0.576208178438662,1.52416356877323,0.111524163568773,0.144981412639405,"3B","Eduardo","Nunez","FALSE","Post-Steroid Era",2.29829042031038e-06,0
"1716","odorro01",429,749,"no",146,26,146,458,62,193,799,48,11,7,2020,0.237,3434,1385,0.439,0.289,0.728,0.27,98,0.238,0.44,0.291,0.731,2016,1.84316185696361,2.64993726474279,0.114178168130489,0.760351317440402,"2B","Rougned","Odor","FALSE","Post-Steroid Era",1.48140724549467e-05,0
"1747","ortizda01",1419,2472,"no",632,19,541,1768,17,1319,1750,38,2,20,2016,0.286,10091,4765,0.552,0.38,0.932,0.3,171,0.308,0.603,0.409,1.012,2010,6.53488372093023,0.534883720930233,0.0930232558139535,0.720930232558139,"1B","David","Ortiz","FALSE","Post-Steroid Era",0.0333948143643931,3.3
"1757","owingch01",247,526,"no",118,24,36,215,76,126,559,13,13,8,2020,0.241,2346,800,0.367,0.285,0.652,0.306,77,0.245,0.374,0.285,0.659,2016,1.11739130434783,2.43913043478261,0.139130434782609,0.48695652173913,"SS","Chris","Owings","FALSE","Post-Steroid Era",1.7194250432058e-06,0
"1758","ozunama01",505,1040,"no",176,20,166,594,26,329,874,14,1,8,2020,0.276,4127,1754,0.466,0.335,0.801,0.319,122,0.278,0.478,0.337,0.815,2017,2,0.0566502463054187,0.0332512315270936,0.0110837438423645,"OF","Marcell","Ozuna","FALSE","Post-Steroid Era",1.95529852689156e-05,0
"1763","paganan01",584,1143,"no",220,55,64,414,176,319,638,4,21,11,2016,0.28,4462,1665,0.408,0.33,0.738,0.316,110,0.289,0.432,0.339,0.771,2012,2.18930041152263,0.0480109739368999,0.0315500685871056,0.0109739368998628,"OF","Angel","Pagan","FALSE","Post-Steroid Era",1.20706897175755e-05,0
"1771","panikjo01",323,684,"no",127,19,39,240,20,239,280,22,13,7,2020,0.269,2842,966,0.38,0.334,0.714,0.287,97,0.269,0.383,0.333,0.716,2016,1.7639751552795,2.55590062111801,0.0543478260869565,0.635093167701863,"2B","Joe","Panik","FALSE","Post-Steroid Era",1.68035400460051e-05,0
"1776","parrage01",620,1312,"no",264,42,88,522,96,312,890,38,34,11,2019,0.276,5183,1924,0.404,0.323,0.727,0.32,106,0.285,0.416,0.336,0.752,2014,1.88154897494305,0.082004555808656,0.0296127562642369,0.0125284738041002,"OF","Gerardo","Parra","FALSE","Post-Steroid Era",1.16787982160708e-05,0
"1785","pearcst01",290,572,"no",131,8,91,303,13,240,509,36,3,13,2019,0.254,2554,992,0.44,0.332,0.772,0.287,120,0.263,0.477,0.342,0.819,2014,1.50420168067227,0.0588235294117647,0.0168067226890756,0.00420168067226891,"OF","Steve","Pearce","FALSE","Post-Steroid Era",1.77274052136472e-06,0
"1788","pedrodu01",922,1805,"no",394,15,140,725,138,624,654,38,25,14,2019,0.299,6777,2649,0.439,0.365,0.804,0.314,128,0.307,0.458,0.371,0.829,2012,1.71092077087794,2.71948608137045,0.0406852248394004,0.634903640256959,"2B","Dustin","Pedroia","FALSE","Post-Steroid Era",0.013325642501408,1.3
"1790","penabr01",136,468,"no",93,2,23,164,6,105,214,7,11,12,2016,0.259,1950,634,0.351,0.299,0.65,0.28,83,0.264,0.349,0.306,0.655,2012,7.03045685279188,0.385786802030457,0.0380710659898477,0.065989847715736,"C","Brayan","Pena","FALSE","Post-Steroid Era",0.000137527719296077,0
"1794","pencehu01",891,1791,"no",324,55,244,942,120,520,1335,26,1,14,2020,0.279,7006,2957,0.461,0.334,0.795,0.317,129,0.293,0.485,0.348,0.833,2014,2.13947368421053,0.0513157894736842,0.0355263157894737,0.00789473684210526,"OF","Hunter","Pence","FALSE","Post-Steroid Era",0.000730199770050769,0.1
"1796","pennicl01",324,678,"no",120,21,36,242,84,266,619,15,42,11,2018,0.242,3142,948,0.339,0.309,0.648,0.297,84,0.249,0.35,0.313,0.663,2012,1.39233576642336,2.82846715328467,0.131386861313869,0.614963503649635,"SS","Cliff","Pennington","FALSE","Post-Steroid Era",2.29150208150403e-05,0
"1798","peralda01",348,765,"no",142,36,90,364,30,207,559,23,1,7,2020,0.291,2880,1249,0.475,0.346,0.821,0.338,123,0.293,0.481,0.35,0.831,2017,1.82308845577211,0.0314842578710645,0.0239880059970015,0.00899550224887556,"OF","David","Peralta","FALSE","Post-Steroid Era",5.372711170526e-06,0
"1799","peraljh01",841,1761,"no",376,24,202,873,17,606,1450,38,13,15,2017,0.267,7319,2791,0.423,0.329,0.752,0.311,118,0.279,0.456,0.343,0.799,2010,1.39292929292929,2.83535353535354,0.0838383838383838,0.643434343434343,"SS","Jhonny","Peralta","FALSE","Post-Steroid Era",0.0173967573175055,1.7
"1804","perezsa02",403,992,"no",189,10,152,535,5,134,635,40,0,9,2020,0.269,3892,1657,0.449,0.3,0.749,0.287,109,0.271,0.443,0.303,0.746,2015,7.20208023774146,0.514115898959881,0.0475482912332838,0.0341753343239227,"C","Salvador","Perez","FALSE","Post-Steroid Era",0.00418640354651164,0.4
"1819","phillbr01",1005,2029,"no",368,35,211,951,209,420,1092,92,39,17,2018,0.275,7991,3100,0.42,0.32,0.74,0.296,109,0.283,0.444,0.33,0.774,2010,1.96808510638298,2.76208897485493,0.0425531914893617,0.617988394584139,"2B","Brandon","Phillips","FALSE","Post-Steroid Era",0.016672500768975,1.7
"1828","pierzaj01",807,2043,"no",407,24,188,909,15,308,895,129,28,19,2016,0.28,7813,3062,0.42,0.319,0.739,0.296,110,0.293,0.439,0.33,0.769,2009,6.74709976798144,0.44199535962877,0.0324825986078886,0.0510440835266821,"C","A. J.","Pierzynski","FALSE","Post-Steroid Era",0.130622644433497,13.1
"1831","pillake01",419,858,"no",205,13,82,344,88,142,555,37,12,8,2020,0.262,3486,1335,0.408,0.299,0.707,0.292,92,0.264,0.41,0.3,0.71,2018,2.35652173913043,0.0521739130434783,0.0260869565217391,0.00869565217391304,"OF","Kevin","Pillar","FALSE","Post-Steroid Era",1.40276525673346e-06,0
"1837","piscost01",296,581,"no",130,9,83,324,20,203,527,34,3,6,2020,0.262,2474,978,0.441,0.331,0.772,0.307,109,0.263,0.45,0.333,0.783,2018,1.71596638655462,0.0369747899159664,0.0184873949579832,0.00504201680672269,"OF","Stephen","Piscotty","FALSE","Post-Steroid Era",1.15179913060616e-06,0
"1839","plouftr01",364,710,"no",155,10,106,379,12,246,676,25,7,9,2018,0.242,3234,1203,0.41,0.304,0.714,0.278,98,0.245,0.42,0.309,0.729,2014,0.729064039408867,1.79474548440066,0.113300492610837,0.195402298850575,"3B","Trevor","Plouffe","FALSE","Post-Steroid Era",3.41365451389493e-06,0
"1841","polangr01",361,626,"no",144,17,85,326,84,251,590,8,4,7,2020,0.246,2831,1059,0.416,0.313,0.729,0.286,99,0.252,0.422,0.32,0.742,2017,1.78971255673222,0.065052950075643,0.0347957639939486,0.0242057488653555,"OF","Gregory","Polanco","FALSE","Post-Steroid Era",7.301662162258e-07,0
"1843","polloaj01",446,776,"no",168,30,105,345,110,220,526,27,6,9,2020,0.279,3059,1319,0.474,0.335,0.809,0.309,122,0.284,0.475,0.34,0.815,2017,2.00589101620029,0.04860088365243,0.01620029455081,0.0103092783505155,"OF","AJ","Pollock","FALSE","Post-Steroid Era",7.53434112668416e-06,0
"1849","poseybu01",595,1380,"no",270,9,140,673,23,484,634,42,1,11,2019,0.302,5153,2088,0.456,0.37,0.826,0.322,137,0.311,0.481,0.378,0.859,2014,7.54933333333333,0.530666666666667,0.0466666666666667,0.0533333333333333,"C","Buster","Posey","FALSE","Post-Steroid Era",0.173168667536919,17.3
"1856","pradoma01",664,1542,"no",316,27,100,609,40,385,676,28,24,14,2019,0.287,5861,2212,0.412,0.335,0.747,0.31,116,0.298,0.434,0.348,0.782,2012,0.537549407114625,1.72924901185771,0.0731225296442688,0.197628458498024,"3B","Martin","Prado","FALSE","Post-Steroid Era",0.000212272859233552,0
"1863","puigya01",441,834,"no",159,21,132,415,79,297,681,43,2,7,2019,0.277,3376,1431,0.475,0.348,0.823,0.316,125,0.277,0.477,0.35,0.827,2016,1.68765133171913,0.0690072639225182,0.0338983050847458,0.0121065375302663,"OF","Yasiel","Puig","FALSE","Post-Steroid Era",8.96425732140863e-06,0
"1864","pujolal01",1843,3236,"yes",669,16,662,2100,114,1331,1304,108,1,20,2020,0.299,12394,5923,0.546,0.377,0.923,0.286,184,0.335,0.644,0.432,1.076,2006,9.22942386831276,0.854938271604938,0.0555555555555556,0.931069958847737,"1B","Albert","Pujols","FALSE","Post-Steroid Era",0.999540507823841,100
"1872","raburry01",340,626,"no",147,13,93,358,16,210,683,26,9,12,2017,0.253,2734,1078,0.436,0.316,0.752,0.311,119,0.267,0.47,0.332,0.802,2012,1.40789473684211,0.0526315789473684,0.0504385964912281,0.0153508771929825,"OF","Ryan","Raburn","FALSE","Post-Steroid Era",1.08331846978889e-06,0
"1878","ramiral03",601,1387,"no",249,17,115,590,143,263,650,30,36,9,2016,0.27,5505,2015,0.392,0.307,0.699,0.288,98,0.276,0.403,0.315,0.718,2011,1.42465753424658,2.8809272918862,0.111696522655427,0.651211801896733,"SS","Alexei","Ramirez","FALSE","Post-Steroid Era",0.00119451708970243,0.1
"1880","ramirha01",1049,1834,"no",375,32,271,917,281,660,1234,71,11,15,2019,0.289,7127,3086,0.486,0.36,0.846,0.32,146,0.312,0.522,0.387,0.909,2011,1.45886889460154,2.49357326478149,0.129820051413882,0.562982005141388,"SS","Hanley","Ramirez","FALSE","Post-Steroid Era",0.149000365979208,14.9
"1881","ramirjo01",496,840,"no",213,23,127,437,127,332,404,22,19,8,2020,0.281,3392,1480,0.494,0.354,0.848,0.287,129,0.285,0.508,0.361,0.869,2017,0.676579925650558,1.55204460966543,0.0799256505576208,0.180297397769517,"3B","Jose","Ramirez","FALSE","Post-Steroid Era",5.11929218295764e-05,0
"1884","ramoswi01",347,915,"no",146,2,128,514,1,236,602,11,4,11,2020,0.274,3620,1449,0.434,0.321,0.755,0.298,114,0.287,0.449,0.337,0.786,2015,7.72873900293255,0.504398826979472,0.0542521994134897,0.0366568914956012,"C","Wilson","Ramos","FALSE","Post-Steroid Era",0.0092394636179644,0.9
"1889","rasmuco01",536,891,"no",183,21,166,491,35,362,1106,18,13,10,2018,0.241,4119,1614,0.436,0.31,0.746,0.295,108,0.245,0.44,0.314,0.754,2012,2.19816723940435,0.0320733104238259,0.0378006872852234,0.00801832760595647,"OF","Colby","Rasmus","FALSE","Post-Steroid Era",5.01226061091793e-06,0
"1893","realmjt01",380,749,"no",156,19,95,358,44,179,559,36,1,7,2020,0.278,2937,1228,0.455,0.328,0.783,0.316,111,0.279,0.458,0.33,0.788,2018,7.72782874617737,0.510703363914373,0.0611620795107034,0.073394495412844,"C","J. T.","Realmuto","FALSE","Post-Steroid Era",0.00285339561823873,0.3
"1895","reddijo01",582,1118,"no",208,33,144,554,61,387,760,7,6,12,2020,0.263,4702,1824,0.428,0.322,0.75,0.287,112,0.267,0.45,0.328,0.778,2015,1.80166270783848,0.0641330166270784,0.0380047505938242,0.0118764845605701,"OF","Josh","Reddick","FALSE","Post-Steroid Era",7.58792420358381e-06,0
"1911","rendoan01",600,1048,"no",256,16,145,577,45,447,641,50,4,8,2020,0.29,4159,1771,0.49,0.372,0.862,0.314,139,0.294,0.507,0.374,0.881,2017,0.716475095785441,1.64495530012771,0.0715197956577267,0.189016602809706,"3B","Anthony","Rendon","FALSE","Post-Steroid Era",0.00024498047208422,0
"1916","reverbe01",400,892,"no",88,37,7,198,211,151,308,14,28,8,2017,0.284,3343,1075,0.343,0.319,0.662,0.312,86,0.29,0.349,0.323,0.672,2014,2.22438391699092,0.0402075226977951,0.0233463035019455,0.0155642023346304,"OF","Ben","Revere","FALSE","Post-Steroid Era",1.75238122217804e-06,0
"1917","reyesjo01",1180,2138,"no",387,131,145,719,517,589,914,11,50,16,2018,0.283,8240,3222,0.427,0.334,0.761,0.305,120,0.297,0.454,0.351,0.805,2011,1.2673031026253,2.65990453460621,0.116945107398568,0.563245823389022,"SS","Jose","Reyes","FALSE","Post-Steroid Era",0.0358258171680214,3.6
"1921","reynoma01",794,1283,"no",253,14,298,871,64,707,1927,56,3,13,2019,0.236,6243,2458,0.453,0.328,0.781,0.303,122,0.252,0.486,0.343,0.829,2013,8.27405857740586,0.47907949790795,0.0627615062761506,0.866108786610879,"1B","Mark","Reynolds","FALSE","Post-Steroid Era",3.19844530277489e-05,0
"1945","rizzoan01",689,1249,"no",268,18,229,753,60,609,858,155,0,10,2020,0.271,5416,2240,0.485,0.372,0.857,0.286,144,0.283,0.511,0.385,0.896,2016,8.00201005025126,0.839195979899497,0.04321608040201,0.743718592964824,"1B","Anthony","Rizzo","FALSE","Post-Steroid Era",0.000149609932893977,0
"1965","rodrial01",2021,3115,"yes",548,31,696,2086,329,1338,2287,176,16,22,2016,0.295,12207,5813,0.55,0.38,0.93,0.314,168,0.318,0.621,0.409,1.03,2002,1.60282776349614,2.86889460154242,0.0784061696658098,0.709511568123393,"SS","Alex","Rodriguez","FALSE","Steroid Era",0.999989628180888,100
"1970","rodrise01",344,580,"no",124,14,81,298,42,225,775,62,37,13,2020,0.226,2913,975,0.379,0.301,0.68,0.288,94,0.236,0.395,0.309,0.704,2013,1.34854771784232,2.12863070539419,0.04149377593361,0.510373443983402,"2B","Sean","Rodriguez","FALSE","Post-Steroid Era",2.91895579251719e-06,0
"1975","rojasmi02",209,492,"no",90,5,24,185,24,131,252,23,13,7,2020,0.266,2035,664,0.358,0.319,0.677,0.294,81,0.266,0.357,0.316,0.673,2016,1.29567307692308,2.22596153846154,0.0769230769230769,0.538461538461538,"SS","Miguel","Rojas","FALSE","Post-Steroid Era",7.78206248075841e-06,0
"1978","rolliji01",1421,2455,"no",511,115,231,936,470,813,1264,38,42,17,2016,0.264,10240,3889,0.418,0.324,0.742,0.283,111,0.28,0.454,0.34,0.794,2008,1.35111542192047,2.83123181377304,0.0620756547041707,0.570320077594568,"SS","Jimmy","Rollins","FALSE","Post-Steroid Era",0.158591847992481,15.9
"1983","rosalad01",186,367,"no",69,6,48,179,17,135,451,20,13,11,2018,0.226,1806,592,0.365,0.291,0.656,0.28,85,0.233,0.379,0.295,0.674,2013,1.02112676056338,2.45774647887324,0.126760563380282,0.464788732394366,"SS","Adam","Rosales","FALSE","Post-Steroid Era",2.53143459153388e-06,0
"1985","rosared01",400,738,"no",134,22,119,388,39,133,539,2,10,6,2020,0.277,2830,1273,0.478,0.31,0.788,0.305,111,0.28,0.485,0.312,0.797,2018,1.77961019490255,0.0794602698650675,0.0464767616191904,0.0104947526236882,"OF","Eddie","Rosario","FALSE","Post-Steroid Era",1.42511376602517e-06,0
"1991","rossda01",254,521,"no",116,5,106,314,3,287,735,17,32,15,2016,0.229,2643,965,0.423,0.316,0.739,0.283,114,0.241,0.466,0.34,0.806,2011,6.7780612244898,0.584183673469388,0.0841836734693878,0.0688775510204082,"C","David","Ross","FALSE","Post-Steroid Era",0.000639325127722394,0.1
"2002","ruizca01",405,935,"no",223,7,71,415,25,403,499,78,27,12,2017,0.264,4069,1385,0.391,0.35,0.741,0.289,117,0.279,0.423,0.368,0.791,2011,7.25578231292517,0.565986394557823,0.0408163265306122,0.0612244897959184,"C","Carlos","Ruiz","FALSE","Post-Steroid Era",0.00835262147203766,0.8
"2007","ryanbr01",304,604,"no",116,18,19,203,67,198,490,32,45,10,2016,0.233,2886,813,0.314,0.294,0.608,0.278,70,0.235,0.319,0.299,0.618,2010,1.34718100890208,2.97922848664688,0.0964391691394659,0.672106824925816,"SS","Brendan","Ryan","FALSE","Post-Steroid Era",2.09397662508898e-05,0
"2016","saltaja01",377,662,"no",161,6,110,381,5,304,984,10,4,12,2018,0.232,3191,1165,0.408,0.306,0.714,0.31,103,0.243,0.434,0.312,0.746,2011,6.87046632124352,0.424870466321244,0.0846286701208981,0.0466321243523316,"C","Jarrod","Saltalamacchia","FALSE","Post-Steroid Era",0.000307858150834621,0
"2024","sandopa01",537,1266,"no",262,21,149,628,12,346,732,29,4,13,2020,0.279,4966,2017,0.445,0.331,0.776,0.301,126,0.296,0.478,0.348,0.826,2012,0.612184249628529,1.75334323922734,0.101040118870728,0.133729569093611,"3B","Pablo","Sandoval","FALSE","Post-Steroid Era",0.000132599617322511,0
"2026","sanomi01",317,475,"no",99,6,131,340,2,265,834,10,0,6,2020,0.241,2256,979,0.496,0.332,0.828,0.339,122,0.243,0.5,0.335,0.835,2018,0.714285714285714,1.81428571428571,0.167857142857143,0.146428571428571,"3B","Miguel","Sano","FALSE","Post-Steroid Era",2.9367080039667e-06,0
"2027","santaca01",799,1325,"no",301,16,240,796,46,991,1056,29,0,11,2020,0.248,6402,2378,0.446,0.366,0.812,0.266,130,0.256,0.472,0.37,0.842,2014,7.89393939393939,0.638257575757576,0.0568181818181818,0.751893939393939,"1B","Carlos","Santana","FALSE","Post-Steroid Era",2.90444306514544e-05,0
"2033","saundmi01",324,570,"no",123,19,81,263,55,255,711,8,13,9,2017,0.232,2747,974,0.397,0.305,0.702,0.291,96,0.24,0.422,0.315,0.737,2013,1.98493975903614,0.0466867469879518,0.0180722891566265,0.0120481927710843,"OF","Michael","Saunders","FALSE","Post-Steroid Era",7.62428089108431e-07,0
"2048","schoojo01",409,796,"no",157,5,141,415,8,126,752,49,7,8,2020,0.259,3280,1386,0.45,0.297,0.747,0.297,101,0.261,0.453,0.299,0.752,2017,1.70786516853933,2.68913857677903,0.083645443196005,0.707865168539326,"2B","Jonathan","Schoop","FALSE","Post-Steroid Era",2.65791725519511e-05,0
"2062","seageky01",632,1267,"no",280,13,207,706,52,474,959,59,5,10,2020,0.256,5534,2194,0.443,0.326,0.769,0.277,116,0.262,0.458,0.336,0.794,2016,0.654661016949153,2.1218220338983,0.0953389830508475,0.251059322033898,"3B","Kyle","Seager","FALSE","Post-Steroid Era",0.000222267941584,0
"2066","segurje01",591,1232,"no",196,42,83,401,183,237,641,47,26,9,2020,0.285,4656,1761,0.407,0.327,0.734,0.317,110,0.298,0.437,0.343,0.78,2016,1.184,2.632,0.1296,0.5472,"SS","Jean","Segura","FALSE","Post-Steroid Era",0.000379918705688363,0
"2070","semiema01",467,830,"no",170,22,115,380,66,326,731,7,7,8,2020,0.254,3620,1389,0.425,0.322,0.747,0.294,103,0.257,0.434,0.326,0.76,2017,1.31735751295337,2.80958549222798,0.134715025906736,0.563471502590674,"SS","Marcus","Semien","FALSE","Post-Steroid Era",9.5914698571912e-05,0
"2083","shawtr01",290,519,"no",116,3,105,327,20,251,575,17,2,6,2020,0.243,2421,956,0.448,0.325,0.773,0.281,109,0.247,0.466,0.329,0.795,2018,0.602972399150743,1.72823779193206,0.0849256900212314,0.184713375796178,"3B","Travis","Shaw","FALSE","Post-Steroid Era",4.23882741208487e-06,0
"2101","simmoan01",456,1064,"no",188,23,67,406,67,265,386,23,10,9,2020,0.269,4280,1499,0.379,0.317,0.696,0.283,94,0.27,0.391,0.318,0.709,2016,1.52099886492622,2.86265607264472,0.0794551645856981,0.683314415437003,"SS","Andrelton","Simmons","FALSE","Post-Steroid Era",0.000340017437147132,0
"2133","smithse01",525,934,"no",224,31,126,458,22,431,797,38,2,11,2017,0.261,4083,1598,0.446,0.344,0.79,0.3,120,0.263,0.461,0.346,0.807,2013,1.61669024045262,0.0438472418670438,0.0183875530410184,0.00707213578500707,"OF","Seth","Smith","FALSE","Post-Steroid Era",7.31828937488964e-06,0
"2135","smoakju01",505,951,"no",196,2,196,570,3,552,1122,25,0,11,2020,0.229,4750,1739,0.419,0.322,0.741,0.264,111,0.24,0.448,0.339,0.787,2016,7.61352657004831,0.420289855072464,0.0314009661835749,0.748792270531401,"1B","Justin","Smoak","FALSE","Post-Steroid Era",1.59947511534038e-06,0
"2152","sotoge01",308,619,"no",146,4,108,361,3,311,673,17,7,13,2017,0.245,2876,1097,0.435,0.33,0.765,0.29,108,0.246,0.437,0.335,0.772,2011,7.20441176470588,0.470588235294118,0.0617647058823529,0.0573529411764706,"C","Geovany","Soto","FALSE","Post-Steroid Era",0.00143025705182998,0.1
"2154","spande01",773,1498,"no",265,72,71,490,185,515,716,36,52,11,2018,0.281,5956,2120,0.398,0.347,0.745,0.313,113,0.291,0.413,0.359,0.772,2013,2.35872235872236,0.0393120393120393,0.0294840294840295,0.0171990171990172,"OF","Denard","Span","FALSE","Post-Steroid Era",5.33262973365752e-05,0
"2167","springe01",567,832,"no",137,13,174,458,48,396,785,55,2,7,2020,0.27,3559,1517,0.491,0.361,0.852,0.306,131,0.269,0.488,0.36,0.848,2017,1.96900269541779,0.0566037735849057,0.0215633423180593,0.0161725067385445,"OF","George","Springer","FALSE","Post-Steroid Era",2.59243600388498e-05,0
"2181","stantmi03",698,1160,"no",246,11,312,796,42,584,1402,46,0,11,2020,0.268,4989,2364,0.546,0.359,0.905,0.321,152,0.273,0.556,0.365,0.921,2014,2.06296296296296,0.062962962962963,0.0432098765432099,0.00987654320987654,"OF","Giancarlo","Stanton","FALSE","Post-Steroid Era",0.000451838522060372,0
"2217","stubbdr01",444,687,"no",106,20,92,283,161,277,972,19,22,9,2017,0.242,3167,1109,0.391,0.313,0.704,0.333,97,0.244,0.389,0.312,0.701,2012,2.17663043478261,0.0502717391304348,0.0353260869565217,0.00951086956521739,"OF","Drew","Stubbs","FALSE","Post-Steroid Era",1.62769423830169e-06,0
"2220","suareeu01",435,787,"no",130,11,162,468,28,338,861,47,9,7,2020,0.261,3433,1425,0.473,0.342,0.815,0.31,120,0.263,0.483,0.346,0.829,2017,0.682706766917293,1.66917293233083,0.109774436090226,0.174436090225564,"3B","Eugenio","Suarez","FALSE","Post-Steroid Era",2.15880629884416e-05,0
"2233","suzukic01",1420,3089,"yes",362,96,117,780,509,647,1080,55,50,19,2019,0.311,10734,3994,0.402,0.355,0.757,0.338,120,0.338,0.443,0.382,0.825,2004,2.31603336422614,0.0583873957367933,0.0148285449490269,0.0139017608897127,"OF","Ichiro","Suzuki","FALSE","Steroid Era",0.294037693636759,29.4
"2234","suzukku01",567,1347,"no",283,6,133,699,20,360,678,106,24,14,2020,0.259,5757,2041,0.392,0.316,0.708,0.272,105,0.277,0.415,0.333,0.748,2013,7.05524079320113,0.41643059490085,0.0396600566572238,0.028328611898017,"C","Kurt","Suzuki","FALSE","Post-Steroid Era",0.00728956286651245,0.7
"2260","teixema01",1099,1862,"no",408,18,409,1298,26,918,1441,111,0,14,2016,0.268,8029,3533,0.509,0.36,0.869,0.282,147,0.288,0.55,0.383,0.933,2008,8.54609929078014,0.559270516717325,0.033434650455927,0.82370820668693,"1B","Mark","Teixeira","FALSE","Post-Steroid Era",0.00992513462158956,1
"2262","tejadru01",225,530,"no",110,1,10,158,16,202,359,36,24,9,2019,0.25,2396,672,0.317,0.324,0.641,0.295,84,0.261,0.33,0.334,0.664,2012,1.26914153132251,2.73781902552204,0.0997679814385151,0.596287703016241,"SS","Ruben","Tejada","FALSE","Post-Steroid Era",2.3621358746589e-05,0
"2317","troutmi01",944,1380,"no",260,48,302,798,201,838,1174,84,0,10,2020,0.304,5513,2642,0.582,0.418,1,0.346,179,0.307,0.59,0.432,1.022,2017,2.42724097788126,0.0360884749708964,0.0128055878928987,0.00931315483119907,"OF","Mike","Trout","FALSE","Post-Steroid Era",0.0203139894111377,2
"2318","trumbma01",532,1018,"no",182,11,218,629,23,299,1097,16,0,10,2019,0.249,4419,1876,0.459,0.302,0.761,0.287,113,0.252,0.478,0.304,0.782,2014,1.52506596306069,0.0659630606860158,0.0369393139841689,0.00263852242744063,"OF","Mark","Trumbo","FALSE","Post-Steroid Era",5.8598290901825e-06,0
"2322","tulowtr01",762,1391,"no",264,24,225,780,57,511,900,47,10,13,2019,0.29,5415,2378,0.495,0.361,0.856,0.313,150,0.303,0.538,0.377,0.915,2011,1.60848484848485,3.13575757575758,0.0678787878787879,0.700606060606061,"SS","Troy","Tulowitzki","FALSE","Post-Steroid Era",0.190429626188619,19
"2324","turneju01",504,1029,"no",234,9,124,495,35,351,583,93,5,12,2020,0.292,4002,1653,0.469,0.369,0.838,0.318,141,0.298,0.504,0.377,0.881,2017,0.501479289940828,1.74408284023669,0.0784023668639053,0.14792899408284,"3B","Justin","Turner","FALSE","Post-Steroid Era",0.00016377533053016,0
"2334","uptonbj01",723,1260,"no",262,32,164,586,300,589,1561,24,22,12,2016,0.243,5854,2078,0.402,0.321,0.723,0.314,112,0.258,0.438,0.341,0.779,2010,2.41393442622951,0.0710382513661202,0.0286885245901639,0.0191256830601093,"OF","B. J.","Upton","FALSE","Post-Steroid Era",4.69967925968456e-05,0
"2335","uptonju01",1009,1681,"no",337,38,307,959,147,740,1841,74,3,14,2020,0.265,7228,3015,0.474,0.345,0.819,0.322,133,0.276,0.496,0.357,0.853,2013,2.0217606330366,0.0326409495548961,0.0524233432245302,0.0039564787339268,"OF","Justin","Upton","FALSE","Post-Steroid Era",0.000589384057604997,0.1
"2338","uribeju01",724,1568,"no",323,43,199,816,48,388,1224,46,63,16,2016,0.255,6715,2574,0.418,0.301,0.719,0.286,113,0.276,0.46,0.324,0.784,2009,0.526570048309179,1.85507246376812,0.070048309178744,0.193236714975845,"3B","Juan","Uribe","FALSE","Post-Steroid Era",0.000268367296319794,0
"2339","utleych01",1103,1885,"no",411,58,259,1025,154,724,1193,204,6,16,2018,0.275,7863,3189,0.465,0.358,0.823,0.297,140,0.297,0.521,0.384,0.905,2008,2.16290983606557,2.77356557377049,0.0983606557377049,0.637295081967213,"2B","Chase","Utley","FALSE","Post-Steroid Era",0.049981997800174,5
"2341","valbulu01",377,710,"no",169,9,114,367,11,374,788,19,9,11,2018,0.226,3571,1239,0.394,0.31,0.704,0.263,103,0.234,0.417,0.322,0.739,2014,0.592592592592593,1.6537037037037,0.0777777777777778,0.172222222222222,"3B","Luis","Valbuena","FALSE","Post-Steroid Era",4.51982139615029e-06,0
"2342","valenda01",360,795,"no",154,12,96,397,11,217,651,8,1,9,2018,0.268,3222,1261,0.426,0.317,0.743,0.311,112,0.277,0.435,0.33,0.765,2015,0.591772151898734,1.88607594936709,0.0949367088607595,0.161392405063291,"3B","Danny","Valencia","FALSE","Post-Steroid Era",1.33153607353903e-05,0
"2357","vazquch01",191,409,"no",81,4,40,175,19,108,321,9,7,6,2020,0.259,1709,618,0.392,0.309,0.701,0.301,89,0.265,0.41,0.311,0.721,2017,8.09297052154195,0.501133786848073,0.0453514739229025,0.0476190476190476,"C","Christian","Vazquez","FALSE","Post-Steroid Era",0.00041226183130147,0
"2360","venabwi01",378,707,"no",118,39,81,307,135,254,748,26,15,9,2016,0.249,3146,1146,0.404,0.315,0.719,0.31,100,0.251,0.416,0.317,0.733,2012,1.77245508982036,0.0215568862275449,0.0227544910179641,0.00479041916167665,"OF","Will","Venable","FALSE","Post-Steroid Era",1.27101459452748e-06,0
"2369","villajo01",394,744,"no",137,15,80,283,218,283,854,13,23,8,2020,0.259,3208,1151,0.4,0.327,0.727,0.34,98,0.266,0.42,0.335,0.755,2017,1.2265625,2.54166666666667,0.1796875,0.567708333333333,"SS","Jonathan","Villar","FALSE","Post-Steroid Era",2.3547863311528e-05,0
"2378","vottojo01",1041,1908,"no",412,20,295,966,79,1217,1354,60,0,14,2020,0.304,7595,3245,0.517,0.419,0.936,0.345,172,0.317,0.548,0.439,0.987,2013,7.78571428571429,0.935238095238095,0.0495238095238095,0.730476190476191,"1B","Joey","Votto","FALSE","Post-Steroid Era",0.0148209529190397,1.5
"2391","walkene01",611,1224,"no",238,22,149,609,32,460,931,55,10,12,2020,0.267,5152,1953,0.426,0.338,0.764,0.303,117,0.272,0.441,0.342,0.783,2014,1.79151943462898,2.6866902237927,0.0565371024734982,0.625441696113074,"2B","Neil","Walker","FALSE","Post-Steroid Era",0.000505858330812161,0.1
"2422","weeksri01",733,1087,"no",219,33,161,474,132,533,1230,134,9,14,2017,0.246,5112,1855,0.42,0.344,0.764,0.304,118,0.253,0.437,0.353,0.79,2011,1.77586206896552,2.44670846394984,0.112852664576803,0.579937304075235,"2B","Rickie","Weeks","FALSE","Post-Steroid Era",0.000121247631252889,0
"2431","werthja01",883,1465,"no",300,22,229,799,132,764,1450,64,4,15,2017,0.267,6366,2496,0.455,0.36,0.815,0.321,141,0.29,0.497,0.384,0.881,2010,1.95555555555556,0.0654970760233918,0.0257309941520468,0.0152046783625731,"OF","Jayson","Werth","FALSE","Post-Steroid Era",0.000533614011343225,0.1
"2454","wietema01",440,996,"no",190,5,146,550,9,368,847,21,4,12,2020,0.249,4428,1634,0.409,0.313,0.722,0.279,103,0.253,0.425,0.317,0.742,2013,7.09905020352782,0.423337856173677,0.0569877883310719,0.0719131614654003,"C","Matt","Wieters","FALSE","Post-Steroid Era",0.00223902711041395,0.2
"2502","wongko01",351,703,"no",124,25,53,281,88,233,463,71,20,8,2020,0.261,3044,1036,0.384,0.333,0.717,0.295,99,0.265,0.392,0.335,0.727,2017,1.70143415906128,2.6883963494133,0.0873533246414602,0.687092568448501,"2B","Kolten","Wong","FALSE","Post-Steroid Era",1.7476534904315e-05,0
"2510","wrighda03",949,1777,"no",390,26,242,970,196,762,1292,45,0,14,2018,0.296,6870,2945,0.491,0.376,0.867,0.339,144,0.306,0.524,0.388,0.912,2009,0.695817490494297,1.95532319391635,0.113117870722433,0.16254752851711,"3B","David","Wright","FALSE","Post-Steroid Era",0.0147439186440634,1.5
"2521","yelicch01",626,1108,"no",216,25,151,522,128,494,908,32,3,8,2020,0.296,4289,1827,0.488,0.381,0.869,0.354,139,0.302,0.495,0.384,0.879,2016,1.95127353266888,0.0332225913621262,0.0199335548172757,0.00664451827242525,"OF","Christian","Yelich","FALSE","Post-Steroid Era",0.000122294660352715,0
"2527","youngch04",668,1109,"no",288,24,191,590,142,520,1192,37,17,13,2018,0.235,5316,2018,0.428,0.314,0.742,0.273,108,0.245,0.449,0.321,0.77,2011,2.2519422863485,0.0366259711431743,0.0244173140954495,0.0144284128745838,"OF","Chris","Young","FALSE","Post-Steroid Era",1.41909299159381e-05,0
"2545","zimmery01",936,1784,"no",401,22,270,1015,43,630,1307,31,1,15,2019,0.279,7128,3039,0.475,0.343,0.818,0.31,134,0.289,0.504,0.358,0.862,2013,0.656666666666667,1.91333333333333,0.128333333333333,0.185,"3B","Ryan","Zimmerman","FALSE","Post-Steroid Era",0.00286209146537604,0.3
"2547","zobribe01",884,1566,"no",349,44,167,768,116,832,994,31,26,14,2019,0.266,6836,2504,0.426,0.357,0.783,0.292,132,0.279,0.475,0.375,0.85,2013,1.51762523191095,2.25602968460111,0.0482374768089054,0.521335807050093,"2B","Ben","Zobrist","FALSE","Post-Steroid Era",0.00112203120424314,0.1
"2548","zuninmi01",244,446,"no",100,3,108,283,2,164,849,51,8,8,2020,0.2,2460,876,0.394,0.27,0.664,0.264,81,0.204,0.407,0.269,0.676,2016,7.71084337349398,0.453313253012048,0.0406626506024096,0.0436746987951807,"C","Mike","Zunino","FALSE","Post-Steroid Era",0.000142708488654917,0
